comment,rating,sentiment_ground_truth,sentiment_predicted
׳  ų Ÿ ȭ ! վ    𸣰ڳ? ȭ   Ⱑ Ⱑ ? ߴ ƴϰ ĳͰ þŭ е߳? ߴ װ͵ ƴϰ! ŽĿ Ÿ Խ  Ÿ Ź  !,6,1,1
" ˵ 
ʹ ճ׿~",10,1,1
"1  ƽ .
ڹ̵ ߰ؼ ",10,1,1
"̼  ȯ   ְ
 ȭ   ִ ĳ",8,1,1
"̴ ִµ... 
ʹ ؼ Ⱑ...",7,1,1
" ų Ÿ  ȭ.
 ȭ.",7,1,1
˵ ø  վ..Ф,10,1,1
̿ȭ ߴ,7,1,1
"̴ ־ ̷  ˿ȭ
 15  ޾Ҵ  Դϴ
³  ȭ Ҹ ׳ 
̷ 15  л    ĥ..
޼   ּ մϴ",8,1,1
ռ ,10,1,1
1 ѵ . 1  ڳ ȭ ִ ȭ  . ٵ 1   ,9,1,1
,1,0,0
̰ ճ?,1,0,0
˵. Ϲ ̹     ôµ  ׷ Ϲ ̹   ƿ~~ ôµ  ƽ. ִ° ƿ~~~ư  þ??,10,1,1
" ̷ ȭ 8????   ѱȭ ϴ  ƴϴ 
ʹ ̾ ߰  . ߱ȯ ˾Ҵ ",1,0,0
"˵1 ־µ ƽ
3 ȵǴ ȭ",3,0,0
" ̴
1 ε
2 1 ",1,0,0
"̰ ȭ?
  ?
ȭ г 
 Ҵ.
 Ƴ
!",3,0,0
.,7,1,1
 ġ   °,9,1,1
մµ.  ְ ,10,1,1
" ȵǴ ..  Ը  ȭ. 
 ʹ ϰ ǥ",1,0,0
 .ֱȭ  ȯ ȣ!  մ.,10,1,1
"ձѵ ûҳŭ . 1 γ
̰  ֵ    ",10,1,1
"ִ ϰ Ӻϰ ϴ ʰ ܼ Ǽ¡   ȭ ,,ռǿ  ߾︰",9,1,1
׼Ǿ  ,1,0,0
 ?   ƾ ϴ š,10,1,1
      tv Ⱥ,8,1,1
׵ǰ ϴ. . δٱ  ô.,7,1,1
 ̸ ߴٺ.   ȵ. ,6,1,1
ڹϰ 尨 ְ ÿ ׼Ǳ 2 ְ.,10,1,1
"˵ô 8 ´߰. 6 3´  ˴ϴ!
ٽú 볲  ocn  ٵ
׸ 忡 15µ  ԰ ..˵ 1  ÷ Ƽ񿡼 ִ

 ⿡  .",10,1,1
"19 ̻ ϴ...
̷   ȭ  ڴ.
  ְ  ...
 ȭ ӿ ϴ . ..
  . .
ᱹ   ԰  ƴѰ?",1,0,0
"15  ġ ϳ ߴ 
 ÿϰ,  ӵ  ̴ ־
 ־   ø ǳ׿",8,1,1
" 鵵    Ƽ
  ư...
  ˰  ǿ Ŷ...
 ʹ ߾ ",9,1,1
"ձ ѵ...
TV  ڸ 丷  
 ?",6,1,1
"  ü ϳ 帣   .
׷    ģ    .",6,1,1
... ϳ... Ŀ ̸   .   ~~~~ ߳  ϶  Ƹ,7,1,1
þ̳     ô   ֳ,10,1,1
"1200 ôٰ ؼ  Ҵµ
ѱ  ų  ο 巴 ϰ
ռ   ߸  ϰ
ϱ⸸ ϰ ׼  ʹ ġϰ
äȸ ȣ ʹ ϰ
ռ    ƺ 
 ȥڰµ ɼ1  ׷ ڿ Į°
1 վµ 2  ϳ
  ʹ ġϴ",1,0,0
ϰΰ  ȭŰ,6,1,1
  Ư ̳ ׼ǰ  ڵ   ִµ,7,1,1
1 մٴ  ...3 ٳ .  ȳ. ֳ...2 ްŵ,3,0,0
־.,9,1,1
"ν   Ų ǰ. ʹ  ʰ  Ʈ  󰬴.
 游  Ӹ  Ѵٴ  .",6,1,1
,1,0,0
"Ǫް2.
Į Į յ   ð,
ڶ θ Ǽ .",3,0,0
B ڹ̵    ̾.,6,1,1
1 ¾...,2,0,0
ְ    ,9,1,1
"  þ  ϸ ׿  ġ
丮 ׼  վϴ. ð   𸣰 ó",10,1,1
"¥ ð   𸣰 . 
׼̸ ׼,  , ڹ̵ ڹ̵, 丮 źźϰ  . 
 ø  ڳ׿.",10,1,1
"Ǽ¡   ׼!  ɹ̵ ~ ??
   15   .  ĳ뵵    ϴ ƽ ¦ ^^
 Į,  µ е  Ⱦ׿. ܺ Ǹ ¼ ϴٴ...е鵵 ⿡ ¼ ̶  !    °  ̶ ϴ ذ ȵǳ׿.   Ű   Ȯ!    Ȳ  ֺ ù  ҽ   ѱ⸦ Ἥ ٷ ص ȴٴ 
־ ڳ׿. 
ܺ , ݱ⸸δ   ϱ ״ϱ.
  Ͻô  е鲲    ϴ! 
3 ٷ ϴ",9,1,1
"   ܼ ĳʹ 츮 ȭ  Ĺ ĳ...տ 뵵 ް,    γ 翬ѵ  (?), ""׳ ۳ ƾ ϴ°ž""    ĳͰ  ̾ ... ʹ Ϻ ʾƼ  ϰ ִ  ְ!!!",7,1,1
к     ( ϴ ) /ȭ ħ ׼ǰ ֵ帳...  ڰ ġ (?) ǵ  ġ  ˵ ø... ø  ...,7,1,1
...,8,1,1
"1 ؼ ״...
׼ǰ ڸ޵  
׷ ׼ 鿡 ߰ ڸ޵𿡼  
1 ŭ ƴ հ ",6,1,1
1  복 ..,6,1,1
,9,1,1
 1ȭ ڳ 2ȭ λ ʴµ ʹ λ ° Ƽ ̴,10,1,1
1 Ǹuϴ,1,0,0
,8,1,1
" 15̻ ̷ϳ. 󿵳 Į ¼Ҹ, ڱ",4,0,0
׳ θ  . ð  ׼ǿȭδ ,7,1,1
"̶ ص ϴ  ôµ
  ڹ  峭ƴ  ܼ װ͸ε հ
 ׼  ռ      Ҵ
ļ ̷  ϱ..
Ư ֱȭ ڹͿ   3  ",8,1,1
" ȭδ ° ᰡ   ִ ...
ٸ ̰ û ƴ 15  ~~",7,1,1
Ѥ,7,1,1
" 1 10 µ, 2 1  ٸ͵ ׿.
ִٸ   ϴٴ°.  15̻  ϱ. ̷ ѵ
  ణ Ʋ, 丮 ϰ
3 ´ٴ  ִ, ؾ  ׸ .",6,1,1
Ϻϱ!,10,1,1
 ƿ...ε~!!,6,1,1
", , Ӱ .. 常 ˵2,  ۰  ̴. õ.",3,0,0
"̷ȭ ΰ  ؾǹ°Ŵ
ȸ ڻ쳻  ȭ ̴",1,0,0
18̻   ˴ϴ.,7,1,1
Ҽ  þ. ѱ   ȴ,1,0,0
"̰Źۿ  ??  ؾ  ڼϰ   丷  丷° Į  Ʈְ   ڸ° ϰ 
ƹ ϴ  ȥ ",2,0,0
  ׼,9,1,1
"վ.   ¯.  ϰ վ.

µ.",10,1,1
 1  2 .,6,1,1
.,1,0,0
 ɹ̰  Ӱ  ̳,10,1,1
,10,1,1
"ϰ   ̳׹
˵3   ھ",10,1,1
 ̴ ִ. 㳪  .  ȭ ƹ  ׼ ȭ  . ̰  .,6,1,1
 3 Ϲ ö ö   ؼ    õ  Ҳ.,8,1,1
ճ׿. ׷  1 ʹ ̳  1 .,8,1,1
"  ͺ پ پѴ ȭϴ
  ڹϰ ׼  ʹ ҽϴ
ȭ鼭      µ   ο ˴ϴ 
  ʹ ǰ Ϸ   ڽϴ
ʹ ߺð ˵  !!",10,1,1
"ռ,
 ϴ. ȭ  չ찡  Ʊϴ. ƽ ó  չ찡 ä׿.",8,1,1
׳ İ ~,6,1,1
"̷  õ?  Į ռ   ǰ ƸԾ  ȭ ḻ Ⱥ  ,,",2,0,0
 ڶ ȭ  Ʊ,4,0,0
 ξ հ þ!~~,10,1,1
"b ȭ ÷ġ ÷ 1200 . װ͵ 忡 2̳ ɸ  
 ȭ Ӹ ܱ ̳   𸣰 ѱ
  ó  ѱ",6,1,1
..¥  ٵ ʹ ̫׿~!! .!!!,10,1,1
"ϴ ̶ ǰ 
 Ⱑ ʹ 峭  ġ 
̰ ٲ  Ƿ ġ ڸ 
  ñ..",1,0,0
 .,10,1,1
"ƴ ȭ پ缺  ϴٰ ϴ 
ڴ°? ׳ Ѱ  ħ ҷ 󸶳 
ڱ ȭ ְ Ϸ °  鰰",10,1,1
" 1  ֱȭ,ȯ ^^
ȭ ƴ   Ϻϰ
ä ̳׿.
ֱȭ  3 ٴ ƽ׿",9,1,1
ѹα ǥϴ ø  ȭ  .,7,1,1
"հ ýϴ
ð  ׿
  ڹ͵ Ҿ
ٵ 1 þ  ռ 󰡳׿ ̰ Ѱ ƽ
7 帲",7,1,1
" ؾ ϳ;
     Ⱑ մϴ.
ε    ͽϴ.",6,1,1
"˵ 3 մϴ.
15 ̻  ƴѰͰ  մϴ.
18̻ ٲּ",10,1,1
"2 丮 ʹ ܼ
 ָԿ  ٶ ",7,1,1
"մٰ ⿡ ...  մϴ..
弳 ⺻̰ ʹ ϰ  ޾ ͼ  ٰ Ҿ Űǰ ʽϴ
ΰ  δ  ̸..  ˸ 
Ŷ ̵׿...",1,0,0
"  ΰ ں  ڹ ϸ  
    ΰ      ϸ @@",9,1,1
"ܰο  ׷Ѱ  , 1200̳  ǰ   ñؼ Դ. ɰϴ ̷ ȭ.  8 Ѵٴ~  1   ڶ ̰ ȭΰ?    ??   ΰ ? ˻ ϳ ǳ . ȭ Ƽ ߰  й ǰִ 簡 ʿѵ, ̰ǹ ͳνƴѰ~  , 忡 ̿ ڼġ ϴ°  ,  ɵ  и. ׳ ȭ 鿡 ʿѰ , ȭ ƴ϶ Ǳ ˿  ̶ ˰Եƴ. ׸ŭ   ϴ µ 
 ϸ ѱȭ ׷ϴ Ӹ? ? 𸣰ʹ. 3 Ƽ   ",6,1,1
"Ϳ!  ÿϳ׿
Ʈ 󰡴 ȭ
հ   ",10,1,1
˵1 > ˵2 ... 2 丮  ٴ   ... 鿡 1 ¸,8,1,1
  ⳪ Ӵ  15ε ʹ ϰ Ӵ    ø,4,0,0
1   ,6,1,1
1ٰ. δ̺Ѵ.  ԰Ԕf 빰 ξ. ÷ پѵ?,8,1,1
ųŸӿ ҽ..,7,1,1
" ѱȭ   ũ 10ε  ߿ Ҹ 3ΰ?
  Ҹ ¥  ʳ?
 Ĺ ڸ  ϴ ϴ ϼ.
¥ 
 Ϻ̳ 渮 ȭ ϸ ѱ   ¥ ",4,0,0
"˵  ÿ   ; 
ȭ ð   11000ְ ߴ.
  ۸ ô
 55ġ Ƽ ߴ",8,1,1
ۿ    δ ߼ Ź   ü ڿ ̰ ι ϳϳ  ̹ ǰ  ʴ´.. 8̶ 4¥ȭ Ȯ ݹۿ ǥسߴ.,4,0,0
...Ӹ   ̱  . Ȱ 19 ̱ 䳤. Ȳ ̷ .ȭ Į .̰. ȭ    츮 ̵鿡 عѳ.,1,0,0
 ȭ ¥ Ÿݰ ¾,7,1,1
׼  ȭ ó,9,1,1
۰  ̸  ʿ ϴ  ô뿡 ɸ´ ̴. Ʈ ö ϴ.,7,1,1
 ռ 컡. .,1,0,0
".1. ..¥ 2~ վ
Ư.ǿ.⸦.ռ.ʹ~.ֽŵ????????????
 
. , ÿ.׼Ǿ..γ 
ֵ帳 ~~????????????̳",10,1,1
.,6,1,1
"1 ̴  
ռ  10",10,1,1
" ̰ 丷° ° ̰  ˴ϱ?
θ޶ Ǿ       b  ɴϴ.  19 Ͻÿ .",2,0,0
"׳  ƴ  ȭ,1  ̳ 1 ״ ְ ô.8   ǿ 6밡 ϴٰ  1.",1,0,0
"̷     ̴ ռ Ⱑ ٰ?
ٵ  
ռ 
",1,0,0
..̸ 㱸 ֳ׿..Ư ̼   ...󱼳ȵ 縦  ..,4,0,0
"ð 𸣰 ó
׼ǵ  丮   Ե ,
׷ ռ ʹ  ٴϰ, ãƴٴѴٴ°Ϳ ",8,1,1
"ƹ ȭ ڶ󳪴 ûҳ⿡
̷ ϰ  ȭ  Ѵٴ.
̰ ճ? 
̸ ƹ  ںϰ ׿ ȴٴ 
ǽ ߿ Խų Դϴ.",1,0,0
ϴٰ ѹ  Ÿݰ,6,1,1
1   Űܵ ̰    ٽ  ...  ڵ ׼  Ÿ  ..1 ̳ 鿡 ξ Ƽ  ۳༮ó 簡 ٸ      ͵ ũ      ʹ  ̴ϱ   ȭ,7,1,1
ʹ  ؿ ,1,0,0
 ǥ,8,1,1
"ۺ Ʊ   ̷ ѱȭ 
̰Ÿ ",1,0,0
"Kȭ ϴ (Ư )
 鸸 ٰ
̷ ÿÿ ׼  
   ũϳ",8,1,1
"..... ⵵ ˰ڰ,  ˰ڴµ
õ   ô ,
ػ  ˽ ܿ ̰ ..

õ ȭ ŸƲ ...",4,0,0
"丮   غ ־  ~ 
ٴ ̼     þ̷ ӹ ϴٺ 緡 ",8,1,1
׷̸  ̰ ϱ ֵ 峭פ,1,0,0
۽.....̳߰...̳....,1,0,0
"10ְ ;µ ʹ ؼ ϳ ҽϴ٤ ռ  ̻   ߰   ʹ  ĳͿ üҰ  ׸  ڿ  ׳ ׿~~ 

ٵ 1 þ  ĳͰ ʹ ؼ  ׼Ǿ þ ȭǾ ڸ 2 ڶ ? ׷ ʹ վ ׼ ¥ 츮 ְ׿???? 

 ǿ ߿  ŭ   ° ر ƽϴ~ ٵ ¥  1   ĳ̴ 츮 пȭ Ʋ  ĳε?? 

˵ 3 ʹ ǰ  ;  ֿ  弭 ʹ ̾ ¥µ ȭ  ִ° ְε??",8,1,1
!! ó ̸  ȭ~ ڹ ѳ 丮 е ⵵  Ǹ..  ,10,1,1
...,7,1,1
"IPƼ Ǻ Ͽ ı .
 ȭ 
1. ÿ  ׼
2.Ϻ ׼  پ
3. 
4.  ռ   ħ

1.ϸ  õ  ħ. ֵ帳 80 ̻ . ڹ̵ ȭ ǹͿ ū  Ͻ.  ⿬ ̰  ˰ڴµ  ֵ帳 ̷ ־     
2.ռ ʸ vs ѱ 8?  鿡  ռ Ϸ ÷ ġ⸸ ϰ Į  Ⱦ 鿡 ̰ 
3.ʹ . 15   ̸  ",7,1,1
"̺ վ  Ϸ..     ƴ ȭ    ƴѰ.. 
δ 2   ׷.. .. ;;;;",10,1,1
 ,8,1,1
"ߴ õ ȭ ƴ ȭ  翵ȭµ     ġ Ѱ͵  ׳ ȿ Ʈũ Ѱ 
 ѱ Ƶ  ġ ȭ ƴ û󿵰̳  ȭ ̰ õΰ  ̴",2,0,0
 ׼ǿ̶ ˰ ~~  ٵ ʹ ϴٰ     ƼŰŸī 绡   ~,9,1,1
ڷγ     ȭ..  ۻ..,1,0,0
" 

ռ ֱȭ  ȯ 

 Ⱑ Ļ ",7,1,1
.,6,1,1
1ŭ վ,9,1,1
"1 Ǵ翡  2 Ǵ г ְ ִ ĳ ... 3 н Ǵ̸ ...
1 Ǵ    ϴ...",8,1,1
"ɼ 󸶳 ϱ淡 ̷ ȭ 15 ̻ 
ϰ,    . . .
  κ ϱ ̸, ½丮 
1300̶ . . .",2,0,0
2 1   ȭ  վ ƴ϶ ڷγ    浵 ϴٰ  Ǯñ⿡  Ƽ ̴ ÿ  1 ߾,1,0,0
"ѵ Ƣ ſ?

丮 Ѽ...",3,0,0
"(Ǹ޹)
 vod Ǻ
Ǻ ǼѰ   
׸ vod 2 fµ..   ˸
˵ô ȭ ž귻尡 Ǿ
ȭ ǰ
忡 3ص ",10,1,1
˵1 հ ôµ 2 ʹ մ. 1 Ⱥ ش ϳ  Ҵ 1    ϱ   մ.,9,1,1
"  ׼  ÿϰ     丮  ϰ 
ũ    .  3  ´ٰ  ϴ   3  ʺ̴",6,1,1
ƹ ȭ ϴ  ʹ ϰ ڴ ʹ ϰ .. װ  .. ȭǿ θ µ      ưÿ ƴմϱ? ġ  ݵǾ ִ  ̶  踦 ϼž. ȥ  ʹ Ƚϴ° ƴ? 츮  ڰ  ٴµ  𰡰 ܺ  ߴٰ մϱ? ƹ ȭ  ص ʹ ġ  ؼ  ȵǳ׿. ųŸ B޿ȭ ε 1200  ~,6,1,1
űϳ...̵ 1200?ǿ ΰʰ...׸ ߾...ʹ ...Ǵ  巯͵鸸 ĳϼ̾...̰ ׳ Ÿų?ϰ ߾... 1 پֱ ۿ ȺԴϴ?̵ 1200?  ȣ̳  ,1,0,0
̷ ȭ  ׸...,1,0,0
 5?,10,1,1
  ,8,1,1
"1,2  ȭ   ε  1  ~ 2 볪 .  ҵ Ұ~",7,1,1
"̷ȭ1õ2鸸ȭ.... ѱ صϰ....

˹ٵ  Ű? 2 ξ  ִ~",1,0,0
"ϴٰ  ΰ.....Ѥ
˵ ȭ  ̷ 𸣰 R?
׷ ϸ θེ ȭ ͵...
ϳ... ˵ð 6  ´ٴµ
 ñ....",10,1,1
ø  ;ߵ~,9,1,1
1 10%,1,0,0
ѵ 1ŭ  ʳ.,7,1,1
1  2 ִ. 1 Ƕ  ӻ 2 ű⿡ Ӱ .,10,1,1
"̻ վϴ. ϰ  ׼..
ռ ⵵ ߾.   þ ٿ  ¦ ߴµ  ̾׿.",9,1,1
"  ƴ
þ̾",9,1,1
"   Ƽ갡    3 ġι ǥؾ , ȭʹ ƶ  󵵻, ׸ ȭ 󵵻  Į´ Ĺ

ٺ ǵ  Ѱ ƴѰ ϴ  ϱ?



׸ ƹ   ȭ     µ  η̷ Ű, ػ̴ 縦   Ӱ ѳ ʿ  õϹ 

̷ ȭ  õ ߴ ذ ȵ

  1 ξ 

, ռ  ",6,1,1
1 ʹ ߱...,7,1,1
" ٷ ѱ  ġ   ö.
 ϰ  쿹.
 ġڵ 鼭   ׿
  Ű  Ų  ڠ.
3ź Ʈ İ ٹô ǰ?",10,1,1
  Ǵ ڿ ڶ  ȯ Ƽ.,4,0,0
̰ õȭ.??? ٵ ڷγ  ƴѰ....,1,0,0
"Ÿݰ  Ǹϰ  ,  ĳ͵ ϰ   Ǿ   κ  ֱ ѵ,    .. ׷ ڿ ʴٰ ׿...",7,1,1
"ϰ ñ  1 &׼ ټ Ѱ 
15   1200  ƴѰ ϴ",7,1,1
,1,0,0
 ̷ 忡 õ̳ ,2,0,0
"1 ϰ  ȵ
ϰ ̾",1,0,0
"Ա ..1 ϴ. 絵 پ,   帳 Ű澲.  ԰  װ µ, ׸  Ĵ ԰ . 3  ϵ.  ̵  ǳ پ ɾ 3,4 Գ.  ׼, ϳ 帣   ̷ ׼ α⹰ °  ܾ. 1   ų Ÿӿ  ȿϰ ڸ .",4,0,0
,8,1,1
    ȭ.  ġϰ ̾ Ⱘ ˹ٸ  . ȭ  ?,1,0,0
" 2, Ǵ 3",8,1,1
"ϰ ... ռ ߰...
2ð^^/",10,1,1
"ȭ ʹ 5~10 ߿մϴ..⼭     ּ Ǹ ָ ȵǴµ
 ȭ Ǹ ݴϴ..˵1 ʹ   Ʈ ָ  ԰  ʾҴµ..
2 1   ϸ鼭  1   ϰ  5 10а
ι鰣    ̾µ ,  ϰ ⵵ ϴ..

˵ö  ︮ ʴ ԰  ׿  ..
 ۿ      âǼִ ȭ  ϱ⸦ ٶϴ.",4,0,0
", û հų ׷ .

 Ⱑ  ̷ ,   ĥ   źΰ  ԰  ",7,1,1
11 ִ,10,1,1
 1 .,2,0,0
"... ε ⿡    ϳ׿
 ߰߰ ڵ带  ־ ⵵ ..
15 ̻  ûҳ ⿡  ʴ° ƿ
̰  15̻  غҰ...ü ϰ Į ǫǫ   ;;;
  ġ ￡ ƾߴµ ڲ ü üѰϰ Į ǫǫ Ÿ ￡ ׿ 
ʹ  ε鸸 ְ   ҵմϴ",6,1,1
"3 ݵ ð 
3 1~2  ٸ  
3 Ȱ 丮   µ",8,1,1
"~~ռ ~~ ̳..
߰ڿ ...",9,1,1
" ȭ
õ",8,1,1
   ý?,10,1,1
ҹ ʹ ߳...ڷγñ ٵ...尳 Ÿ̹ ҳ..,6,1,1
"Ƶ ÿϴٿ~  þ   µ, ̹ ռ Ⱑ ̹ õ Ѿ ~  ϰ, ռ  ~ Ӱ  ʰ ~  ׶  볭 ˿ ȭ~ ϴ. ÿϰ ",10,1,1
,8,1,1
"15 ƴϰ 
̴ ־׿",8,1,1
 1  ,9,1,1
ȭϼ  1 ѰͰƿ.. Ÿݰ ÿѰ ..Ҹ鼭  µ ű⼭ īŸý ..̴ ״...,7,1,1
,1,0,0
 ̻Ѱ!   ̷ ٴ.   Ǹߴ.   .   ó Ʈ .  (15̻)  ϱ  ׼ǵ   ϴ. ڹ ιδ ȯ ۿ  ڹ͵  ϴ. ռ ⵵   þŭ е ī  ʴ´.    ƽ  .,2,0,0
 ƿ. 1 ʹ ̰ ־? 2 ٽ 1 ϴ. ,6,1,1
 ϳ,8,1,1
"  Į ϴ ѱ Ǿ, ̿ȭ Ǵٸ ȭ ɰŴ ,


׷ , Į ȭ  ó    հ 󰣴ٳ~~~",1,0,0
״..,1,0,0
"е ȭ!! ȭ 볪 ÿմϴ
˼  ȭó.
ǽ 
  ȵǴ ٸȸ Ǹ ڽϴ",10,1,1
"1  ׼ ,  ٿ",8,1,1
"ȸ Ÿ  SŬ...ε..
ü 300 ϴ ߰..
 ° ,     ..",10,1,1
 4,4,0,0
 1  Ұ ̱  ̹  ְ׿!   NG ׵Ƿ  ! ^^,9,1,1
"̰ ճ.
̽ Zoo;  VIP,   ϰ ߱߱  ġ   Ȳ.
 ġ ͵.",2,0,0
"帣  ³
1ŭ ƴ ؼ",8,1,1
 .... 뼼  ռ ⵵ ... ڵ鵵   ... λ̴ ȸ  ó ߴ ⼱ ...^^...̾ ø  밡 ˴ϴ~,10,1,1
"Ʈ 󿵱ó
ذ 
̷õ̶ϤФ",2,0,0
"2 1 ι   ΰ?  ̵ ̱ 
  1  2 ι     
    ٸ  ϴµ ... 
̴ ִµ 1 ü ؼ  .. . þ  Ѱ 
 1.2  ̰ ...ū...",7,1,1
"͹?
ε
Ұ ־!

1ź ŭ ƴ ִ ȭ
3ź 1,2ź ŭ ´ٸ õ ȭ ɰ!

   ÿ ׼ǿȭ~!",8,1,1
 ſ  ø ~~~!!!!,8,1,1
ǥ ׼!! ĳ͵ ȭ !!!,10,1,1
峭ϳ ÷ ̰ 尨 е ̰  ̸ ٰ??? ⵵ 1 ؼ ٵ ϰ 丮  Ƣ  ӱ  ڱ ð .... ƹ   Ƽ   ͵      ǼҸ  ,1,0,0
̰ ȭ  ߴٴ°   ƿ ġ ѱ     Ͼٴ°  . ؾǹ θ  ñϴ.,10,1,1
ʹ հ ôµ Ĺ      ȸ̶  źŰ.  Ĵ     θ ȭ ű⼭ Įθ Ϸ°   ƥ  ̳? ̷ õ̶ 1 ̳,1,0,0
1 ϳ~~,1,0,0
"˵ 1   , ū 밨  ˵ 2  ϴ  е ...Ǹ  ϰ ɰ̴ϴ .    ̸ Ѱ ...
 1300 ..   ̳׿",1,0,0
"   ȭ̱ ϳ ̷ ȭ õ̹鸸 ̳ ٴ...
ﳪ  Ʈ 峭ƴѰ.  1 ߽ϴ~~",7,1,1
 ġ ǰ ,10,1,1
";;;
Ȥ   Ұ Ѵ.
Į  
̰  ƹ ʰ   ׷ ǳ ͳ",1,0,0
"   
ϰ  ± ??",10,1,1
"峭
ã ȭ~~
   ",6,1,1
1  ż .   !,6,1,1
¯ հ þ,10,1,1
ҹ ôµ  ,10,1,1
"ּ ģ L׷ ̳
Ե      Ͻô
 ɴϴ ϵ帮  ε
⿬ϴ ǰ ½屸Ͻð ϵ帳ϴ",10,1,1
ְԴϴ ʹ Խϴ,10,1,1
,10,1,1
鼭 ־.,10,1,1
˵ 2  1 ʰ ⿣ ְ ȭ.  ⼼ ø  ͵   ̾..,10,1,1
ؼ  3   ȭ   ,7,1,1
̰  15  ΰ,1,0,0
ÿÿ ǥ ׼ ȭ,8,1,1
"Ը ￡ ´.
 ȭ µ.
ȥ ó .",4,0,0
"丮 źźϰ ֽϴ
 κ  ־
 ɸ  ϴ?
  ֽʽÿ",10,1,1
"ռ   ϴ
   찡   Ȯմϴ",10,1,1
1 ʰ 2 ó ôµ.. ñ   ԰Ժ ȭ! 츮 ׼ ȭ   ź ð,9,1,1
ߺýϴ,10,1,1
"ٷ  幮 
ð  𸣰 ó׿.",9,1,1
"þ >>>>>> ػ
õ  & ̼ ݶ
3   7 ",10,1,1
"  ü
   ں ý 
 ٰ ׳  ִ ȭ Ф",1,0,0
 ųŸӿδ ְϴ. ԰    ΰ ƿ 3 غϴ.,9,1,1
" ȭ 1 2 ѵ  ô 1,2   .   þ ռ Ⱑ ξ żϰ .  ϱ  ڹ κе ־ վ",10,1,1
" ռ ĳߴ ֿ ûū ߸Ѱ ƴѵ
ҽϴ 𸣴» ϰ ȣ 뵿ҰŰ  
˵ 3 ",10,1,1
õչż  ڵ鿡Դ  簡 .,7,1,1
"ϰ, 弳 κ. ׼ Į. ̰ 15?? ׸ 丮, 絵  . ̰ 1200?? .. Ѽ ٰ .",1,0,0
"Ͽ 츮 ε鿡  ־ 
Ҿ ԵѤѤѤ",10,1,1
ʹ ϴ ̤ ΰ   ȭ!! ̵  ̷ ȭ εȴٸ 츮  ˴ϴ!!,1,0,0
"ȯ  ʹ ־!! 
   ִ° ´µ ռǿ  پѱ .  Ʈ ణ . ׷ ü ȭ ߉

ķ ȯ҉. մϴ!!^^",10,1,1
ֵ   ,2,0,0
ȣֿ Ƽ ܿ ؼ ôµ ʹ ־,10,1,1
ȭδ Ǹ.  ð  ,7,1,1
1ٴ   ֳ׿,8,1,1
⸸ ̳? ׺   ϰ ̾? ȥ ġ 屸ġ? ,1,0,0
,10,1,1
 մ ȭó׿,9,1,1
ϰ  ,10,1,1
¹ 19̾ ,10,1,1
ۺ  ϰ   ڹ 뷱 Ȳ ,10,1,1
"  ѱ 丮, þ ׸",6,1,1
"е   1  ..

 ÷  ԰ ¼ ʹ ƴ

ġ ٸǿ ϼҼ ǰ̶ ..

ʹݺ ڿ Űź ׺ж ڲ  ٴ...

÷ ںε...",10,1,1
,8,1,1
Ѱͺ û ְ   ʹ ְ  ó 忡 ѳ ־ϴ! ߭,10,1,1
.,9,1,1
 Ӹ ѷ .  1 ǽ  Ƽ  ƽ,7,1,1
"Zl ˰״ ְ;;;;;
ſ      ߰߰  п  ݹ ؾ!  ̹ ȭ ι~
 ѹ ٿ ˵5 ",9,1,1
"ռ ó
 ¯!!!!!!!
ϰ  ׼

 ̱̱ ȭ",10,1,1
,1,0,0
 е ׷  ֱ  ⵵ Ͻð վ 3ź  Ŵٴ ʹ ۿ̤  ּ䤻,10,1,1
?,7,1,1
"  ȭ ô  ̷ ȭ   , ϴ    ȥ׿

ϰ   ,,,  븮 ϴ ǰ

  ˿    

ᱹ  Ǽ¡̶      ְ    Ľð  ư ȭ      0 ̳׿",2,0,0
"̰  վ?

λ ־ ȭ ϴ.

   1Ÿ1ǻ. ̰͸ Ʊ.",1,0,0
"̵ְ
⵵
ǿ
",10,1,1
" Դϴ.
հ ð.
1 پ   ƽ ֳ׿",8,1,1
 ϰ ÿؼ ϴ~~^^,8,1,1
" ž   迡 1ð  . 1 , 2     1 ǥ. "" 5"" (ȭ    Ӥ)      ",8,1,1
̸  ׷ ġ ڴ       α̾ 󸶵   Ưδ ų ɰϴµ ȭ    ⿴ϴ ̱  ȱ!,6,1,1
"1000 ̶⿣ ¥ ǰ
ž Ź Ǹ鼭 Ÿ̹ Ҵ 
1 ⵵ ͸鼭  ߴµ 2 ׷ ⸦  ãƺ 
     ī  ʰ .  ""Ƽ?"" ̰ ׳ 
׸  ϰ   Ⱥ
1 þ ī  ü 
þ ϵ̳ Ȳ,     µ 2  
װ͵  Ϲ ϴ  ̶...",6,1,1
   ǰε  ڷγȭ  ̺    þ ŷ  1  ʾҴ,6,1,1
"õϳ
1ó  ʰ
ڹ ϴ
 ϱ...",10,1,1
"  Ѵ ȭ  
  鼭  Ļ",2,0,0
"ٵ  ¥   
ڱ ȭ 򰡿 ڱ ̸ ϰ װ   ƿ䰡   ̳ Ʈ ŷ ̳
ؼ  ɾƺٴ ̸ 2 ",8,1,1
.  ʿ ,10,1,1
"ǰ ʹ մϴ. õ ȭ ƴϿ. ׳  ǰ. 1 ξ ̾, ׳ ""Ÿݰ"" ٷ  ȭԴϴ.  ڱ    ֵ̳ θ԰ ϱ⿡  մϴ. ׷ٰ ׼ Ѱ ϸ ׷ ͵ ƴϰ. ׳  ѱ ȭ.  ̷ û ȰŰƿ. .",6,1,1
"3 ճ 
ռ  ¥ ؼ Ҹ...ٳ  ռ",10,1,1
Τ,2,0,0
ð ,7,1,1
.,9,1,1
   ϳ..,10,1,1
"̰  15 ̻̰?? ¥ ̰ 
׸  Գ?? Įֵθ ̰ ߸ ߾ ϴ ȭ.
 丮 ȵǴ   ļ ° ƴ.
 !!",1,0,0
Ÿϴ Ÿȭ ˹ٵ ׷  ȭ ̱ ư丶  ְε ̱ 400а鵵 ż߳ ,10,1,1
ƿ!!!!,10,1,1
" ̷ ȭ  ... ָ ȭܿ ȵǴ°̳?
..  õ... Ȱž???",1,0,0
"ݺ Դµ ϱ⸸ϰ ̵  ſ 1     ׿
",4,0,0
 5.5,7,1,1
2ð    ,10,1,1
1  2   2  ִ  óε..,10,1,1
ռ¯̳׿~~,10,1,1
̼ ¥ ö פ,10,1,1
"ȭ 
15 ƴѵ",9,1,1
"̰ɺ  ϴٴ 
̰ 
ȭ Ҽ ￡  ̰ ִ
̰ϴ  Ͻôº ׳ 󸶳 ô°  ͽϴ., ,
ȭ ..",10,1,1
¹ ܿ  ܺ  ѹα  ȭ  .  1 þ ׸.,6,1,1
15̶   ӿ   1ź   ư Ǵ ռ  ^^õ   ̿,10,1,1
"ػ ٴ þ е 
2ź ˰  ֵ帳
  ַξ~ Ѿ 
2 
1 ξ ¥ӻְ մ° ",7,1,1
 9 Ѿ Ǵ° ƴ?,10,1,1
"
ε  ȭ  ⸦?

ٽ
ι° 
ũ ⿡ ϱ?",8,1,1
ѱȭ 忡    ذ ȵȴ.,1,0,0
մ٤̤̤̤,10,1,1
"ȭ   ...
ΰ ο ұ    ִ   ȭ..
ΰ   Ǵ翡 ׾ µ...
ųŸӿ ְ!!!
3 ϰ  ȭ...",10,1,1
 Դϴ  Ҹ,10,1,1
ʹ礤հԺþ,10,1,1
"  ġ  â ݾƿ...
׶ Ƕϸ鼭 ϴ ػ   鿡 Ŭ ؼ  
  ־ ...  ϳ ƽ׿...
׳   ݸ  ...
  ҽ...
ó ̽ĳ Ƴ?ߴµ...
ռ  ¥   ְ...",10,1,1
 Ѱ͵ µ  丮  ƽ,8,1,1
"  
׳ ųŸ ̻ ϵ ƴ ",2,0,0
־.  Ʈ Ȯ ǮԴϴ~~,9,1,1
̰ ° ƴѵ ׷ 尡   ȭ ƴѰ ƿ.. ̴  ټ.. ׳  .. õΰ  ǿԴϴ..   Դϴ.,7,1,1
~ ˴ϴ~,10,1,1
ιþ,10,1,1
ũ  2  2  ˵2 ׳ ѹ  ° ...,10,1,1
"   ˵2  ȭ ϴ.
 ǥ ""ն Ծ ߾ϴ°ž""  ʹ ~~",10,1,1
" ع  ó   ˰Ե ռ.... 󸶸 ϰ   ε  """"    ģп ˵2   ۵ ٽ ãƺ ѳ׿ ",9,1,1
ųŸӿ δ ְ,7,1,1
  ȭ ȭؼ ƿ~,10,1,1
" ְ  ýϴ. ְ  ϴ ϸ Ÿϴ  3  ּ
20￡  Ŵ е鵵  2000 ԰  ߻  ѵ  ȭ  ּ",10,1,1
"˵ 2 ι̳ ôµ  ͳ׿ 
  ׷ ֱ   ߾
̿ȭ  ٽñ  ϰ Ǿϴ.
  Ͽ ռ 
 ڴ   ?? 
ڳ
ݵ ~^^",10,1,1
ռ ǰ,10,1,1
  ¯ Դϴ. հ  þ,10,1,1
"ѹα  ̷ ϰ ð ˾׼ ȭ ־~
¥ ~~ հ ô ۵ 2 Ѵ Ȱ մ
渮忡  ø ִٸ  ѹα ˵ ø ִ
   ø10 ̻  ּ~!!!",10,1,1
" Բ ߴµ Ϻ  鵵 ־ Ʈ Ȯ Ǯ ȭԴϴ ~
30̻  ο մϴ^^",10,1,1
  !,1,0,0
"   Ƶ巹 ڴ ̰ 
  ¥ ְ ߽ϴ
 1̶     
Ҿ ׸  ָԿ ѼҸ ٰ
ߴµ   ذ Ȯ ƽϴ 
  ˴ϴ  ֵ Ҿ ",10,1,1
"1  մ
2 ڷγ      ε",1,0,0
"1 ̾. 2 ۽~.   , ĳ, 丮 ׷, ׷ ȯ, ι ̼ҽ,  ӷ   ʾҴ. ʺ  ,   ȭ ϰ    Ұ .   ̴~",7,1,1
"15 ¥ ƴ 
ûؾ
",8,1,1
ð 𸣰 ýϴ.ռ   ¥ ¯,10,1,1
θ ֵ  ̷  . ѽ. ¥ ̰ ? ? Ҽ ſ? ռ ߰ ³.  .,1,0,0
 ־~ ռ   ,10,1,1
"־  ڹ Ұ Ƽ  鼭 þ
õ Ѵ° 翬ѰŰƿ",10,1,1
"  ˾ƺó.. 
ڱ   Ÿ ׳ ܿΰ ߴµ,  ʹ Ѵٴ  ..",10,1,1
"⸸  ̳ ȭó׿~
 ɾϴ .ռ.    복~",10,1,1
̰ 15 .. ƹ ൵ ..  19 ,1,0,0
 100   ٶ.,1,0,0
"ָ  ÿ !!
Ʈ Ǯ վ. 
ʹ    1 ̿.",9,1,1
"ְ  ýϴٸ
15 ̻  ϱ⿣
ʹ   ׿",8,1,1
ϰ ,10,1,1
"ռ Ⱑ    ȭ׿
J þ",9,1,1
"  ʹ ־
ð ȴٸ    ȭ",10,1,1
ۺ   ƴ .,10,1,1
 帣,10,1,1
" ׼ ۷, ռ ü ׼  ؼ    ",7,1,1
 ʹհԺ е鿬⵵  ֱȭ ռ  ̿^^,10,1,1
ι ,10,1,1
" ̷ ȭ Ѵ.
 ȶҸ 
ڷγ  ž ôµ
ȥڿٸ     ȭ",2,0,0
ʹ ϰ δ ʹ ϰ ӵ  ׷  õϹ ذ    Ÿ,1,0,0
" հ  Խϴ.   ְ ְ е鵵 ֽϴ. ռ ΰ? ϳ׿. , ο, Įο ...;",9,1,1
"Ҽ   鷯  ڸư±  ۵ ҷ ָ ˲ 涧  ٻڰ
̴ ſ̳ ȭ^^",10,1,1
1  Ѿ. !,8,1,1
ʹ ϰ ϴ ѱȭ  ̷ Į ʹ ϰ ̰ ϰ ϴ ä,1,0,0
ÿϰ  ܼؼ  ,10,1,1
  ȭ ȭ ô. ݱ ۵ Թϴٰ  Ϲͱ޵ Ǵ 尡 Ƴ . ȭ   1 Ʈ    ѹ 忡   ش.,7,1,1
"   ٱ
ϰ .
α
  ",1,0,0
"⵵ ϲ , Ʈ ?",10,1,1
"ֹ ̼   ʹ ݰ.   1    Ծ Ұ. 
15  Ǵ    Ҿ.  õ ƴϳ׿.",10,1,1
15̶  ٰ 1   꼭 . ̴ ־.,8,1,1
ó 忡 ,10,1,1
ũƮ  ,6,1,1
"ռ ŷ¿ ǳ!
ڰ Ҹ ",8,1,1
"󸶳 ȭ  帣 ٰ; ϴµ
  1  Ų   ̾
3ʹ  ع ó   ϳϳ  ٰ  ٶϴ",7,1,1
 ׼ ʹ ؼ  ãƺµ ̹ ˵2  ְԴϴ Ե ̳׿,10,1,1
ϰ   ̳ ߺýϴ ,10,1,1
"ʴٰ  ϸ ̻ѰŴ
Ѱ  ѰŴ   
Ŷ װ  ūε  
 ϴ ε
̰Թ ǿ 
   !!!",3,0,0
,10,1,1
   ô ȭ. ׷ ð 𸣰 ְ ýϴ.,10,1,1
ϴ ׼ǿȭ  1  ӽÿϸ鼭  ⵵ . 1 հ 2  հ. ų ȭ.,9,1,1
 ѹα Ų,7,1,1
" , 丮 -Ư ̼ Ű  ģ  󱼾˾ƺٴ ó  ...  õ °踸 簡 ֳ??
ǵ ʴ   ׷...
  ̾  .
Ҵ ̶ ׼Ǿ ???
1  Ҹ Ϸٺ   ʹ .
ڷγ  ȭ    Ʈ  .
ÿٸ Ȥ  .",4,0,0
õ ̸ ϵ帳ϴ,10,1,1
"ù ̿ ˵2  ʹ ŭϰ  ϴ Ҿ~~
ڼƽϴ~
ĢĢ ʰ ӽÿϰ ڷ°ִ  ԰ ռԵ Ҿ.
԰ ӱ ̿ϴ~^^
մϴ~~  ȭ!!",10,1,1
 ġ  ָ  īŸý  ش.,10,1,1
1       ƴϿ.,7,1,1
"  嵵 øٰ ڹ Ǯְ ð  𸣰 ó׿~^^

ٸ ѱȭ   .
Ҹ ° ߰ ͸ ϴ.
  (۵ ްڽ )
ѱȭ    Ѵܰ  սô~!!!",10,1,1
" ųŸ ȭ. 
   ־ ѵ 15  ġ μ  ϴ. 
 ü  ȭ. 
԰  ̱  ־ ձ.  
ȭ    ״µ  Ʈִ   츮׿.
.   ҽϴ.",10,1,1
ֱٿ 忡  ˵2  Խϴ 鼭  ˵ Ư   ߰߰ Ʈ ־ վ ׼ǽŵ û λ  վϴ.,10,1,1
"ݺ
 °  
 , λ    ",10,1,1
,10,1,1
"ռ ο  ٽñ ڱ ߴ ȭ
 ~.. ߴ  ״~
ٵ...⼭  ٵ ռ  ̸ 츦 ٽñ ˰  ȭ
Ź ι ôµ...Ϳ.. ãƺֽϴ.
 ǰ..
ҵ/..",10,1,1
ʹ վ 2þ  ѹ    ð  𸣰  Ǵ󱸿..츮  ⼭ 簨 ̾ üҰ  ѹ ߳׿,10,1,1
1  ߾  ְԺôµ ̰.......,2,0,0
"־̴
Ʊ",1,0,0
̸ ﳪ,8,1,1
,9,1,1
"Ʈ ؼҵ.  ĳͰ ̸  ߾.     ׼ Ŀ       αٰŸ ׿.    ׼ǿȭ ѱ ׼ǿȭ  帣 Ǿ׿.  
5! ź̴޸ٸ   ϳ׿.",9,1,1
"15.. 19
 ؾ߰ڴ ...",10,1,1
3ϰ  2̴,10,1,1
2߿ ְ  ־.,8,1,1
"հԴ ôµ 丮 , 尨
1  ϴ.",6,1,1
Ǻ;䤻,10,1,1
"ִµ, ʹ ؿ.Ф",6,1,1
 ÿϰ ó׿. ռ  ¯....,10,1,1
  ʿ  ϰ Ȯ 谨 Ѵ ø̶  3 ȴ,10,1,1
 ¸ ϰ   Ʈ.. ̷ ȭ ..?????,2,0,0
15   ׷..18 ̻   ׷..17̻  ߴ.,7,1,1
",  ȿ   .
Կ, ׼, ڹ .
 ѹ ũ 鼭 ÿϰ  Ծ~",10,1,1
׳ ׼ ȭ.   簡     ׷ȭ..,4,0,0
"ǥ ÿ ׼   Խϴ
ռ Ǵ ü
  ϳ׿~~",9,1,1
"¥ 볪
ð   𸣰 ó׿",10,1,1
" 
1 ֳ
 1 볭ٰ ؼ 
?  ޴µ
  볪 f",10,1,1
,6,1,1
"  ￡  
׷  ſ ų Ÿӿ ڹ̵    
ڹ + Ȥ ...    ߵó ...,",6,1,1
"     
Ƽ Ȯ  ˿   þ̸ ",4,0,0
Ƣ ȭ ȭ  ̹ ó̳  ߴ,10,1,1
"īŸý°
̷",9,1,1
"1   ʹ  ٷ  .
ʹ ڹ ...
1  վ",7,1,1
̷  ѱ ι.  ¡ũ ÿϰ ȴ #9׸,9,1,1
" ̷ ȭ  ʰ, þ ɰ    Ʈµ ð 𸣰 ȴ.",8,1,1
"...1  ξ ̾...
 ٲ ׷...
¥ӻ ̻ϰ...
 Ʈ  ȸ...
   ...
   ȭ ߴ...
ռ ⸦ κ ߴµ...
̹ ȭ ...",1,0,0
հԺýϴ,10,1,1
 ¥   ׸⿩        ѹ  ӽ˵        ְ  ,10,1,1
"ȸ ȸ ʹ  ȴ.  ʴ ž ־ 3 ٷ ̾߱  ٵ 
 ƽ.  ġ ÿϴ. 氡޽   ",8,1,1
1  ,10,1,1
" ȭ ǥ Ѵٴ     
    ռ ϳ  ǵ,
õ Ʈ Ⱑ  ٴ ... 

̼  ˵ 3 !!",10,1,1
"   ׼ ָ ̷ 丮 Ǹ  ð   ȭ ˵ 1  ̶ 丮   ־µ ̹ 2  ׳  ׼ ַ 丮 ¥  ռ 1 þ Ʒ ̰  ̻    ׸ ȭ Ȳ    ٸ 丮    2  ...? ϴ ... 1  ϰ   ׼ ȭ ̱ ... ࿡  丮   ȭ     ׳ ÿ  ָ  Į θ ׸ ð  
ǰ  ģ    ǰ   
1   ߾  ż ̿µ õ  ŭ
2   Ʒ ",6,1,1
۽   ū 븦 ؼ    Դµ 1    ̾ ýϴ,4,0,0
" ϰ   ȭ
 հ  ýϴ.~~",10,1,1
" ְ ȭ ־ϴ
մϴ",10,1,1
"ֽϴ. ȭ ۿ Ͻ е ٵ  ̽ϴ. 
 ſ鼭  ȭ ֱ  ȭε  ϴ.
մϴ.",10,1,1
   Ͽ ȭ ôµ վ.   ڹ ׼^^ 1 ؼ ôµ 2  հ   ׿. Ư ְ޴   ܼ    Ʈ Ǯ    ¾.   ȭ ŭ û (Ը  Ф) ׳ ȭ   Ҿ. ˵ó ߿ TV ָ      ƿ.  ȭ   ^^ ʹ ܼ~,10,1,1
ȭ ȵ  ,8,1,1
"   Ҷ    尨 .  
հ .",10,1,1
ʹ  15 ̻  ƴ ,4,0,0
"  ; ..
׼ ϰ
 ʹ ؼ  ѷ ~~~
׾ ΰ  Ƴ ڹ͹ ٲųı",3,0,0
 ѹ濡 ʸ  .  ׷  ؾ,1,0,0
"ռ   ;ȭ 
 ְ!",10,1,1
"ռ  ¯!!!
Ʈ ƿ^^",10,1,1
" ÿϰ    Խϴ
ʹ հ þ~~
 ϰڽϴ~",10,1,1
"ġ 峭   ޺ ˹  ư
̺    Ҹ ڹ͹˹ ö
ռ Ǵٸ 3°  ϰ  ΰ 3  ¿ҵ",9,1,1
"1 1 ְ, 2 2 .  ˵  ݸǰ  ÿ ش.",8,1,1
"׼ǹ  ٸ  ٶ.
׼ǿ Ӱ  , 2ð    .
ظϸ  ִµ 5⸸  .
3  ̴.",10,1,1
ʹְ ýϴ,10,1,1
"˵1  ο  ǰִ ׼̾ٸ, ˵2 ϰ ׼ǿȭ  ⿡    ׼ . ڷγñ Ʈ Ǯ ִ ְ ȭ.",9,1,1
",  2 1  ߳
ӿ   ׼   ʹ ְ þ ^^",9,1,1
"   ȿ,   ѹ ¦¼Ҹ ׷ ȿ ʿ   ? Ҹ ϰ ũ ׼ ΰ 𸣳 .⿬   ȭ   Ƽ  Ѵ.     ǥ( ׷...)  ü ȭ  3  ?     ϰ Ǵ . ȭ ΰ ? ׼ ȭ ΰ? 常 ϸ  ̳ ? 3 ġ     ǵ       ҵϴ.Ǽ¡  Ҵٸ   ϰ ϴ ȿ̳ ڽ    ص ð  ƃ.",3,0,0
   ׼  ֳ,10,1,1
"ϱ ѵ  ߵ ȭ.
  ׷",9,1,1
 ˼ ÿϳ׿. 綧  ѹ  .  ýϴ.,10,1,1
õ ~~~,10,1,1
,1,0,0
"3 ˴ϴ !
 ",10,1,1
ϴ ^^ .  ֵ帳 ؼ  ׷..ü 丮 ׿^^,10,1,1
"  ̻~~~~
̹ ǸŰ ̾
ռ  ŷ ƾ
ߵ  ",10,1,1
2 մ,10,1,1
 ߴ.  Ƶ  ƹ 𰡵 Ƿڸ ̲ Ʈ  Ƶ  ϸ鼭  ϴ  ʿߴٰ . Ŀ ռ ãƼ  ġ  ϴ Ȳ  ؼ ϴ    ʾҳ?,7,1,1
" ִ   . ٰŸ ܼϰ, ռ ׳ ǿ  þ, Ըŭ ī  ִ   ̴.",6,1,1
˵2 ͼ ع ãƺþ. ռ  Ƴ׿.,10,1,1
˵ ø  ̷  ǰ! Ͻð ? ÿϴ,10,1,1
"1   볭 2
ռ ̷  Ȥ?",10,1,1
ƿ,10,1,1
"1. ˵1ٴ 
   (  ⸦ ߱.þ ǿ  )

2.  .. ع 混 Ƽ ̴  ʹ
      δ ;µ. ȭ µ
      ̱!! ^^

3. .. 츮   ̤
     ռ ¥ ۳ ´µ
     

4.   α Ŀ ±

5. ...ٸ   15 ƴϴ ͳ׿",8,1,1
"
׳ 
ٸ
   ⿬ ־ּ",10,1,1
,1,0,0
"ð° 𸦸ŭ հ  Ծ
ڷγ19  Ŀ  ó   ҳ~~",10,1,1
ÿ ׼.... CG    ٸ. ±,10,1,1
 ְԺ.. ι...̷  ۺ ûϽñ  ̰ 츮 ־,10,1,1
"̺ 
ְ",10,1,1
ռ մϴ.  ɸ 1  ɸ̰,8,1,1
" ִ ȭ 
ϴ.",10,1,1
"ͼ ̴.
ø շ ϱ⸦~",7,1,1
" ȭ ׼ ׷ġ ʹ  ڹ̵ȭ   °  ׷..
1 ..",2,0,0
"¥    ϳ  
¥ ʹ ְ !!  ߰",10,1,1
ۺ ,10,1,1
"1̳  2̳. . 
ָ  ¿ȭ
Ǹ. 丮.",1,0,0
 1 Ѵܰ ׿^^ø,10,1,1
"̴ ־ ʹؼ 1 ?
Ƶ̶ Ⱥ
۰  °ԤӾ 1 ǻ",6,1,1
   忡  Ÿݰ  ִ ! Ǹ׼ǿ ׼ǰ  ٰ̰̾ϸ ü ȭ Դٴ°ž,10,1,1
˵2  ռ ??   Ÿݰ ׼ ̻ Ʈ ְԴϴ,10,1,1
հ ýϴ  ˵3  ּ,10,1,1
   ÿȭ  忡,10,1,1
 վ~~,10,1,1
1 հ ο    ̹ ڹͽ    ־ϴ,10,1,1
"!! 1ź  볭 2ź ø̳׿. 
ȭ  հ ռ  ǿ ְ!  ְ!
׷  þ  λ.",10,1,1
"ÿѾ׼ǰ  ܼ 丮,  ҽð հ  Ҿ ϼ",8,1,1
 ųŸӿ ȭ   m ִ,7,1,1
" ù  ־µ
2 ľϴ.
3 ",10,1,1
"1   Ǽ ̵ȵ
 ڹ;ƴ ڿ  ڵ嵵 
ռ  ̰     ع    ġ ѵ ",10,1,1
" ռ ´µ ̸  ...

 ̷ ŷ ִ ΰ?

 㸮   ǰ  ּ^^

׷  Ƕ ٸϴ~~",10,1,1
ļ   ׿.. ְ,10,1,1
"ó       ִ
ٽ ͳ~~",10,1,1
"̰ 19 ƴ϶??  

 ó   ̴ ػ̳,
 ȯؼ 19 ҷ ϰ  ڳ ,
 ɻ,.
  δ.",1,0,0
ð~~,10,1,1
  19ݷ ּ,3,0,0
ϴ  ̳Ժð  ػ󱸿 ᱹ,10,1,1
  ޶ѱ .  2 ٽ ͳ .,9,1,1
 ,10,1,1
"""ð  ̷ ""   ϰ   ȭ׿.    µ  ʹ  ־   ; ȭԴϴ.  ǿ غ ó Դϴ.   ~~ ~~   ٴϰ  ֱ   ȭԴϴ. ռ     鸸⸸ ȭ ó׿~~  ռ ~  ߾մϴ.  ??",10,1,1
"ΰ
   ̷ ؾ ϳ 
  Ѱ 鼭      ٴ°̴
׳ ϳ ̴°.
 ¥ ȴ",1,0,0
. ó  Ⱑ ϴ ;µ äο ĳ͵ ⿬. ƹ ۳ ͵  ڿ   ȵ,10,1,1
1 ξ 볪 丮   پ 2  ϰ  丮   Ȳ,6,1,1
ն,10,1,1
" ð °  , ¥ ׷  ,  ؼ   þ.",9,1,1
" ϸ ׳ ƹ  ȭ  ̾° ƴ,..  մ / ׷ٷ  ׷ٰ 6 Ǵµ մϴ .     ź ѵ 1 Ǵ   մϴ.   ׼ , ο 丮(հ ĳ͵   Ἲ ),    (Ư  usbκе....)  κ ѵΰ ƴϾ.     ٶ....׷ ð⿡ ҽϴ.",4,0,0
"˵1 þ  ,ȵ  ׸ źź 丮 ִ ݸ , 2 ռ ϰ , ̼   ¸.  ռ ︻  ٸ   ǥ  .. ī  Դµ þ   
ø 񱳵 ٵ հ  Խϴ~~!",8,1,1
"˹ٵ Ǯ.   ̷.
 500 ſ ȭ׿.
׳  ߿ ÷ ",1,0,0
1980 ¹ ȯ  ո ÿ ְ,8,1,1
 1 Ѿ ....,1,0,0
ϸ鼭 ճ ,10,1,1
.,10,1,1
ð   𸣰 . 3  ,10,1,1
" ϰ ôµ  ð   𸣰 ؼ þ䤾 ռ,   ⵵ ??",9,1,1
 ̴       ϴµ,6,1,1
ֳ  Ǵ ߺ  V ,8,1,1
,10,1,1
ְ ߺþ,10,1,1
ʹ ־䤾,10,1,1
 վ 2  հ þ䤻,10,1,1
1  վ,10,1,1
Ʈ  Ǯ,10,1,1
"1 ϰž    ôµ
׼  ȭμ źźϰ  ̳ ȭ ϴ. 
˰ , ںе     ׼, 1 е ޿ ⿬, ׸ ſ żϰ  ī ü̽    .. źϸ ýϴ. 
ô ?? ׸ 츮 ... 鿩  鰳 ĳ..   ־. õ ʴϴ.
 þ~ ؿܿ  ˷^^ 츮 ȭ ȭ!!",9,1,1
"1 Ʈ ϰ,  糪     ⸸ ϸ ׳   ׼ ȭ",7,1,1
"ȭ    ȯ̾ϴ
  ǰѵ, 谡  ȭ ࿡ ߴ 
Ļ縦  ؼ  İ Խϴ.
ȭ   ö Դµ...
ȭ   
 Ȯ ޾Ƴ
 ξ . 
׼  Ұϰ ߽ϴ. 
  ׼  
  ٸ  ׼ 
  Ӵ  ̾µ
̹  ǿ Įθ̳ 
ٸ  ׼ǵ Ÿݰ  ϰ  ϴ.  
׸ ֱȭ  帳    
ռ  θ ⵵ ߰",10,1,1
  ÷ ȥڿȭϴ  ˵2  ³ ̶ٰ   ְ  ߺþ   մϴ,9,1,1
ʹ ־,10,1,1
 ȭ ϴ  ׳ θǽȭ .   Ҹ  Żΰ,10,1,1
"þ پѾ Ѵ~  ־Ѵ~ 
̷ ؼ鿡  ״ 
... ڴ   
ģ   ȭϰ ǰ ϴ° 
  ִ ״  
ȭμ ְ 
  10и  ڴ٢ ϴ , 
츮   ʰ   ػ,
 ʴ  ǰ 

Ȥ ǰ 콺 ʰ  ּż մϴ~",10,1,1
"ۼ  2  1 ϴ, ʹ Ȥϴ , ѳ̴
15  ´°?    Ҽ  ְ °  ٸ״
1 1̰  2  2Դϴ   ü      α⵵  ִ±  սϴ  
̼ ʹ ҽ ",10,1,1
"1 ̾ 2 ʹʹ հ þ!
ռ  µ
 ȭ ȯ̶ 츦 ߰߳׿.
Ƴ ¥ ̺    첸  ",10,1,1
,10,1,1
"110 ð 𸣰 ýϴ.. 
ٵ.. ֱ ִµ ʹ մϴ...",8,1,1
"   
 Ư  ĿǮϰ ÿ ׼  
߰߰    
Ǵ̵    ⸦ ϸ   ~",10,1,1
  . 1ð 50 ݹ .,10,1,1
"ϰ ܼϸ ̴ ִ.
ػ ſ    ݸ þ   پ   ־ٰ  μ þ  ִٰ .
1 ǽؼ  ణ  ־  ĳ ̿ܿ 1 ŷ ĳͰ  ؼ ƽ. 
   پ ĳͰ Ǿ ϴ ٷ",8,1,1
ǥ ׼  ϴ,10,1,1
"ֵ
 ƶ
̴
 ּ 2 ̻ ̴
ܸ Ŀ´Ƽ 
  ̴ 
̻

  ȫο   ذŴ",10,1,1
ð  𸣰 ְԺþ մϴ,10,1,1
,10,1,1
15 ȭ.  Ⱑ ϴ.   .    Ϳ  ޽ϴ.   ̷  ȭ . 츮 μ  ɰ    ִٴ Դϴ.  ؼ  ٰ?   Ͼ ϴ.  ΰ ϰ ˴ϴ. 15...,1,0,0
ʹ Ȥմϴ.  츮λ ̷ ȭ ׾ưٸ  ɼ  ?,4,0,0
"ռ ŷֳ׿!
   մϴ! ׼  ÿϴ ׷  ϴ  ư׿!!",10,1,1
"ȭ  ְ Ҿ 
  Ҽ ִ ָ ׼
 ƴ ռ ⵵  Ҿ    
  Ƽ ߴٴ°   Ϳ",9,1,1
"1  غ̳ ι Ӱ 尨, Է .
ռ ״ ︮  ƴѵ  ع   .
ڹ̵ ȭ ٸ ׷ .",7,1,1
Ϳ~ ׼  ڹ  ,10,1,1
  ϳ׿!!,10,1,1
 !!,10,1,1
  ׼ Ӱ   ־~,9,1,1
"帣  ȭ. 
 þ  Ѿ ռ ĳ.
׸  ü  ѱ 鿡Ե 縦.",8,1,1
"¥  ʿ.

ó   1 
ƴ ؼ Եȴ.

1ٵ մٴ  ʹƼ 
 ܶϰ ôµ  ȭ
հ ߺô.",10,1,1
2  ־,10,1,1
뺸 ..,6,1,1
"   Դµ Ե    ׼ ð  Ӹӿ ɵ׿.      ͽ Ǽ 󿵽ð   𸣰ڽϴ.   , ūҸ ٺ ȭ ׿.  ȭ  .",10,1,1
"  ׼ Ÿ̰
Ȥϰ 
׼ǵ ߰ ߰ Ѱ ̰
丮 ణ  ߰,  丮....
ܱ ̷ ȭ  Դٰ ϸ ϸ鼭 Ⱥ  1...
  ϳ  ȭ ...̰ .....
 ܱ ȭ ٰ ̰  ... ׳ ټ   ... ȭ  ƴ.",1,0,0
  Դµ 1   ѵ վ.  ÿϰ ֳ׿. ռ  þ   з̴°  ĳ Ƽ ׷ ⵵ Ǹϰ .Ҹ ׿.߾,10,1,1
ٽÿø 1ִ е  Ⱥе̶ մϴ ȭ 丮 質  ׼ ű⿡´ ȿ  پѰ͵ 鼭 ȭµ  κ 8̻̾ ׼ǰ  9̻Դϴ νðʺ ݹ氬ϴ ̷ ð Ǵ ȭ  ־µ ̾ϴ ʹ ߺýϴ Ư   ÿ ũ븸 Ҵ ذ  ȭ׿ Ǻ; ɤ̤Ѥ,9,1,1
"Ⱥ  ȸ  
   κ ",10,1,1
"1 հ, ռ   
Ǵٴ ",8,1,1
"ʹ  ȭ
̷ȭ  ϴ    ̻ϳ׿ 
 þ
  .   ;
  ´ؼ ôµ ̰ ° ƴ",2,0,0
"ռ  ְ~!
 ڹͿ  ڿ!!!
  ÿ߾~
ŸݼҸ ~",10,1,1
մ,10,1,1
 ˵1 ڰ̶..   ܼƮ  ڳó ڳ (˵1) ¥ߴ   .    Ȥ ȭ ˵1 ó ϴ  ⸦ հ ̴° ̿..,1,0,0
 ,10,1,1
ϰ  ,10,1,1
"..
ѱȭ Ѱ ճ?
 μ    Ŵϴ.",1,0,0
ÿÿ ̴ Դϴ~~,10,1,1
"Ŷ ռ  Ѵٸ鼭 û γ δٰ  ڲ ϳ׿
    ³ ϴ  ̶",9,1,1
  ð ϴ ȭ ó׿,10,1,1
"    Ʈ  ģŤ
ư ռ   2.  ýϴ ~~
õ",10,1,1
׳ ⿬ ȭ..  ̾.,4,0,0
"  ȭ 湮Ͽµ
ʹ ְԺҾ 
 ʹ ־ٳ׿ 
1ź Ⱥ   2ź 10 10ٲ
3ź ˴ϴ 3ź ϸ ΰ",10,1,1
" !!ȯ!!ֱȭ ¯!!
̤̼ռ.  ̷ Ȱ ٽô  ñ 
̰     
 Ͷ~  Ž. ķ ¥  ",10,1,1
" 5  
׶ ҽð  µ
  󱼸  ",9,1,1
"ʴ 
ε
 Ϸ Ű

 ȸľ   ٶ  λ  

ڵ尡  ϰǰ ְ̽   ȭ

̰ ʹ    ̾ ȭ",6,1,1
 . Ǻʹ,10,1,1
ְ ȭ,10,1,1
Ÿ¥ Ѽ2 ¥ Ʊµ ٸģιվ٤,10,1,1
"  ū  ȳ..
ٸ   ̷ Ⱥ  þ. ׳ ׷ û հ   ִ ȭϰ .
׸ װ ¾.   ȭ ߰ ѹ   ..
 ..  κе ..  ѵ ϰ ž..
  ϰ ľ ȭ!
ٵ ټ Ǵ° 3  ٴ..  ̰Ϳ ع..
  ĳͳ Ǵ 丮 ܹ..
3 ׷ κе  丮  ĳ      ƿ~
 κٴ ̶° شٰų .. ư ˵2 ̿~~",10,1,1
ռ ְ..??,10,1,1
 ŸӾ  ߤѤѤѤѤѤѤѿ   ̴ ִµ       ־      ı  ȭ ñ,8,1,1
..,10,1,1
" 2?? ¥ Խ
 ѹ  !!",10,1,1
,1,0,0
 ,1,0,0
ճ׿,10,1,1
"ʹ հԺó׿
    н",10,1,1
"þ  е ĳ .
ϰ 뵵 ۢݢܰ ׳ .
ֵ       .",1,0,0
...þ...1  ʹؼ.. ׷,6,1,1
"˵ + Ȳ = ˵2

׷   ְ.",8,1,1
۳ ƾ ,10,1,1
Ҿ,9,1,1
  1 ڵ带   Ծ.. 丮 ڿ  ذ    Ϸ..    ư    ҹ  ӾҴ,2,0,0
1  2  Գ׿...ðԴϴ.,10,1,1
 ְ ȭ Դϴ~,10,1,1
 1 9  2 6,1,0,0
ռ   ְϴ. ȭ  ռԹۿ  ȳ   Ǹ߽ϴ. ȭ ׼ǰ ӵ ִ   ð   վϴ.   ϼ  ѱȭ ° ϴ.  վϴ.,10,1,1
" ѱ  Ÿȭ.. 
 ϵ庸ϵ  .. ԰ Ȳ ׸   ڹ̵ .. 
Į  ¾Ҵµ ٷ ϴ ȸ±.. 
 ȭ Į     ..",6,1,1
"ٰ ߼,    ȸ   ȭ鿡 ƿ!",10,1,1
ÿÿ ׼ǿ ðٸ𸣰 ְ ýϴ^~^,9,1,1
,10,1,1
"־ 1 Ⱥôµ  ׳ ôµ 
 ־׿",10,1,1
츮    ñ.  ٽ  ִ ΰ?  ;. ߾ؿ.,10,1,1
"    Դµ 10ð  ð̿µ    ϱ   ̿.  ɽ 򰡸 ڸ,켱   ִ.  2ð . ׷ ƽ κе ־. 켱 ۿ   簡 ϴ. ۿ   þ   .    پ ŷ    ⼭   ռ ʹ  ǿ ִ.    ִ ŷִ  ൿ ̹  ״ ´.  װ͵    ƴ ڿ       ο ŷ   ʴ  ƽ.
 ׷ ұϰ 2  õϴ°   ̳ ׼ǽ ڹ͸",9,1,1
"ð 𸣱 þ..
͸ .. 
ðȿ 
 ռ.  
..   ..
¥  (Źߤ)
̰ 15? ǹ..",8,1,1
"., !",10,1,1
 ָ Ŀ UP  ,10,1,1
"ū 
ּ
7    
ռ 
÷ ~~",8,1,1
ְ !!!!,10,1,1
"  𸣰.
1  Ǵ°͵  1  2  𸣰.
þó Ʈ.
ǥ װ ̹  Ű.
ȯ °Ű.",1,0,0
"1  վ~~^^
̼, ػ ⵵ Ұ
 5?",10,1,1
"ֺ ϵ մٰ ؼ 밡 ʹ ǳ
 ׼ Ļϰ ǿ þ Ѽ ",1,0,0
" ߵ Ƶ̶ ְ .
׼ǰ   ȭ...
ٵ ϸ  15 ̻ ƴݾ~",9,1,1
" ع  ռ 쿡 ˰ԵǾµ
 ó׿!!!!
ð ɰ𸣰 ýϴ.
 վ 
 ˵1, 2  븦  ʾҽϴ.
 ø  ζ ̵.
̹ 2 Ǵٸ ̿ϴ.
ȭ  Ʊ ʾƿ",10,1,1
" ĳ͵   ֵ   Ǿ ְ  ׼  ¥ 翵ȭԴϴ.
ְ   ȭ ӿ Ʋ ..",9,1,1
"ųŸ   15̻ ƴѵϳ׿ 
̵  Ͻô° ƿ",8,1,1
ȯ ʹ վ Ⱑ ^^,10,1,1
" ȭ 忡..Ÿݰ...~~~
 䳻   ǥ ׼ǰ ڹ...
ڷγ19 Բ ư ",10,1,1
 ̼  ڿ....۳ 忡  尡  ѷȴ....ڿ..,10,1,1
 5! !,10,1,1
...¥ 보  ̵̶ ̺ôµ  1  ѵ  15ϱ ǹ ߾  ׷  볪 Գ׿  缭 Ǻ; ,10,1,1
̷ ΰ   Ǵ ˹ ó. ϵ   ƴ? 氡޽þ!,9,1,1
"ٷ ̷ ð 𸣰  ȭ ־
  ְ  Ų 
  η .",10,1,1
ռ ڴʰ Ȯߴ¹ٶ  ȫ ɸ,7,1,1
" ȭ  ϴµ ճ׿, ̱߾
 ΰ־ ,,
 ѱ , ũ ׿
 ø ͵ ",10,1,1
ռ  ... ȱȭ ??,9,1,1
"Ŷ̶   Ծ  ƴ
 ʹ ÿ ÿ ϰ ýϴ
  ϴ
 Ŀ  
ڷγ ּ䢽",10,1,1
ʹ ÿϰ  ó׿,10,1,1
" ģ̶  ôµ  ̿~~
˵3 밡 ɸŭ ʹ վ~",10,1,1
" ռ
 Դϴ١",10,1,1
"׼,   ð  𸣰  ʹ ְ  ýϴ  ع  ռ   ˾Ҵµ ̷  ϴ ...^^",10,1,1
"ģ̶ µ ʹ վ
 鵵   ԰  ",10,1,1
" ȭϰ ÿ ׼ε...
ǹ  ǿ  繫 ó  ϴ  
ǰ ʹ   ȵǴ ̶ ƹ ȭ    
ȸ Ҽ ̷ ٸ 鿡  ٵ ۿ    ȴ",8,1,1
˵2 ȭ ôµ վ ,10,1,1
 ñ⿡ !,10,1,1
  ð  𸣰 ýϴ.  Ѹ Ѹ   ƴ϶  ȭ. ̸  .!  Ʊ ʰ ȭ  õϰ ;. ȭ ⿬ ٽ ãƺ° ó ̳׿~^^  е  ãƺ Ǵ ȭϴ,10,1,1
"ð,, ߸ ȭ ..ռڴ  Ǹ߽ϴ..",10,1,1
ӽÿ  ׼!   â   ־ ,10,1,1
"1 ٱ淡 ϰ ôµ
 ..Ф
1  .

ʹ ϰ  
׳ ڷγ  ѹ   Ͻɵǿ",7,1,1
"ȭ ̰  ð Ȯ 1 ߸ 
ȭ   ܼϰ..׷ հ  ýϴ",6,1,1
" ÿÿ ̱ ټ . ػ þ    Ǵ,  簡 ʹ   ̶   ׳ ɸ ״´....޽    ؼ ƽ.",7,1,1
"θ԰ ⿡ ؼ... Į°  ϻ...
鵵 Į ڴ ٷ ",6,1,1
 ȭ       ¹̿.  Ǹ Ƣ Įθ  ؼ   ü      ⰰ  ȭ̴.  ũ   ȭ  1 7    ɾ    ̰͹ۿ       س       ܾƺξ  ̸  ϰ   ִ.      ̾.  ˸    ȭ,2,0,0
ϱ  ƴ  ֳ׿. Ե  ̸ Ͻô~~~ ˵ô   ɵ!,8,1,1
"ڷγ Ǯ 󸶾ȵ ̽   ѱ ȭ ŸƮ    ȭ մϴ. ׼ǵ  þ, ⵵ Ұ͵    ˵ ø Ǯ ڳ׿.",10,1,1
1ź  ־ϴ,8,1,1
簡  츮     ־   ھ ^^,10,1,1
   1 ó  λ   ƽ  ػ ٴ þ  ṵ̈    ׷ ׼   þ ׸ ¿ȭ,7,1,1
"˵1  ż  ..
ᱹ    ʾҴ^^",9,1,1
 ķ.,10,1,1
"̳ 
⵵

ռ   ϳ׿
2  Գ׿",10,1,1
"ϴ  ̾߱ Ϸ̴ ȭεմϴ
̳,  ź",10,1,1
" Դµ~ڸ  ã󱸿
ߴ ͺ ʹ ʹ վ
 鵵  簡  ־
̶  ɹ̵  ƿ
 ˵ ĳ~
ȭ  尨 ġ 綫 鼭 þ
 ;䤻",10,1,1
" մ ȭ  þ.
 ~",10,1,1
"˵ 3    ߸ ȭ.
Ư
 ξ... 
ȭ ñ ߵ帳ϴ.

, ,   ְԴϴ.",10,1,1
 1 볪 ó׿~~ !!ռ  ī ...,9,1,1
  ȭ ϴ,9,1,1
볲,8,1,1
մ.,10,1,1
"ٸ   ÿ ׼ ε
ġ Ѵ",8,1,1
" ġ
¥ӻְ

ݱ  ȭ߿
ְԴϴ??????

ε  ȭ  մϴ!!",10,1,1
" 1 ִٿ ǥ.
ռ ȯ ϵĳ",10,1,1
 ̴ ְ ⵵     °  ,7,1,1
 ÿ ġ ׿䤻,8,1,1
"ųŸӿ~!!
ġϰų  ״ ð ̴ ȭ 
 ƴ.
ð   𸣴
ųŸӿ̶ .

ϴ ȭ վ Ѵٴ 
ִ ȭ.",9,1,1
"˵2 ѳ վ~õ Ѱ ڴ社
ռ ŷ¿!!  η~^^  Ʈ ѹ濡 ~!!",10,1,1
ӿ ׼ ȭӰ 췯  ȭ..1 پѴ ̶ ˴ϴ.,10,1,1
 1õ ~~  ʹ ԰Ժýϴ,10,1,1
"... ع  ̾ ȭ!  ع    ̰ մϴ.  ¥  δ뿡 ̾ٴ ׷   մϴ.  ---- ׼ǽ𿡼  ׷  ƴմϴ.  ü ׼!    10 ƴϸ 0϶  µ 10 ÿϰ  ϴ.  ڷγ ñ ¥   ȭ!! .̰Ŵ 100 !     ȭ̶ ȭ    ε, ŵ鵵 մٰ~ մٰ~ ϼ̾! ¥ ̰   ̶ ׷ Ƴ. ˷ 볪! ( ΰ ׷͵  )",10,1,1
"׼ǿȭδ 
ʹݿ ȭ  
ռⰡ  
ռ  ׼ Ǹ.

׷ ȭ  ǰ
Įθ ѵ

 15 ǹοȭ",7,1,1
 ˵1  ,8,1,1
  1     ־µ  2  Ʈ ̾߱   ϵ  ο   ̾߱    ߳,1,0,0
   .  Գ...,1,0,0
" ˵ ø  ڽϴ~~
е鵵 1 Դ е̶ ʹ ҽϴ!!",10,1,1
"ʹݺο ణ Ǵ   ڵ  
־
  ׿
þ ġʰ ϴ ؼ
̼ ݰ
  ̶ 츸 Ҽ ִ...??
׿ ִ ڷγƮ Ƚϴ.
 1 ׿",10,1,1
ʹʹ վ ð  𸣰  ٰ  ö   鼭,10,1,1
~Ե ݴ޺η  !,3,0,0
"ϳ  Ƶ ¦    
""˵ 2""  ģϰ ̹ ôٸ鼭 
  Ǵٽ Բ   Ƶ 
⸸ ߴ ̾ϴ

 ε  볪© þ",10,1,1
ÿϰ ȭؼ .  Ÿ 尡     ׼   Ŀ   ︮ .,8,1,1
ְ ̻  ʿ,10,1,1
" մ ȭ
 ռ ȯ ְ!!",10,1,1
   ź  1 վ,10,1,1
"ó   λ   ־ ̷ Ȥ̸ 15  ص ǳ ;.
߿ ѱ Ǵ ׼ǰ ణ ӷ ߵ ⵵ ߴ.
ȭ ٰ   Ƴ 𸣰ڴ.
ư, ̵ ƴϾ   ϱ ߴ.",8,1,1
  ̳ 볲!  ƴ . ׷ þ Ѿ Ѱ ƽ. þ ѻ纮!,9,1,1
ð   𸣰   Ծ..¥  ֳ׿!!,10,1,1
"ʾ հ ó׿
ߴµ    ξǤ
 
1 ־",10,1,1
 1 ̾. ׳ɱ׷ ռ  ʾҾ. ٵ Ĺݰ ʹ ϰ 簨  . ̼ ư   ˰ Ҿ Ÿ  ڴ ȣǿܿ? Դٰ ӵ  ѱ  ˾ ܿ  ,7,1,1
 5?,8,1,1
츮 ռ ִ!,9,1,1
ÿÿϴ ȭ ̷,10,1,1
ȭ ٽ ִ° ..,10,1,1
"Ÿ    1 
Ʈ ؼҿ ¢
عı ýϴ",9,1,1
" ǰδ
þ    .
15  ؼ  Ѱ.

׷ ұϰ  .  .

PS. ׿ ȵȴٴ° ˾.
     ʹݿ ׿ ۰Ÿ.",9,1,1
 縶 ̰ ǰ˻  ڸ  ʴ´ٴ  ߴµ  ƴ ȭ  ڵ ġ  ĥ ӽÿ~!!,9,1,1
"ֱ 
þ   ׷  ƽ
ռǿ⵵ ¥.. ȣ̰",7,1,1
,10,1,1
" 
?",1,0,0
"¥ ð   𸣰 þ  ׼ǽ  ~!?? 
 ָԿ  󰡰  δ⿡   
ٵ   Ҹ  ְ ÿ ׼ ַ ϸ ξ ڴٴ  
ؼ 1  ",9,1,1
ڷγ Ŀ  볪Ժó׿䤾  鵵    ϴ ,10,1,1
׳   ??,10,1,1
ֱ  ѱȭ ϳ׿     ,9,1,1
"  ȭ Ÿݰ ʹ.ÿ
 뼼 ռ  ع.óȿ
ŷ  !
þٴ ټ ϱ  
 ȯ (̼) 츰   
ü 1ٴ  ƽ  !׷ 8",8,1,1
Ѱ     Ҹ . ׷ ϰ վ.      Ѱ ְϴ.,10,1,1
ѱ ??,10,1,1
ռ    ̳׿. 1   ξ    ־.,10,1,1
1 ֱ⵵ Ʊ,1,0,0
"ȭ     3⸸  ׷ ̰  ҰͰ ϴ
^^  ߰ϴ  ־ϴ 
ռ  ¥  ϴ   óƮ  ...... ȣġΰʹ  ̰ ^^~~
丮 źźϰ  װ ˰ʹٿ     ȭ   ȭ   ̰ ־ϴ
 ȿ  ָԴ  ǰ Ʈ ߽ϴ ...
ռ    ¾Ƽ  õ ФФ",10,1,1
׼ü ƮȮ øΰӰٷ...,10,1,1
  մ.,10,1,1
,10,1,1
"ƹ   ؼ ʹ մϴ.  츮 ѱ ȭ ̸ ϰ ɱ. ڰ, ׳ ڰ Ѵ  ص   մϴ.  μ  ı˴ϴ. ȸ   ׳ ״ Դϴ.   츰 ̷ Ȥ ȭ µ ,  ϴ.    ѻ ڱ θ ϶ ȭ  ״  ߴϿ ū  ־µ..."" ̶ """,3,0,0
ó þŭ ǿ ƴϾ  ...׷   ׼ ÿϴ.,8,1,1
" ..  ٵ 帮 1  ䷷.. 
׸ ռ... ~~~  ¿..",10,1,1
 ÿ~~ϰ 볪 ýϴ.  Ѱ ־ 鵵  ־  д.  ־ϴ~~!Ȯ ̳ ūȭ̳ ȭ ° õҲ~!,10,1,1
ֳ׿~,10,1,1
1 հ ư ռ  ѱȥּϴ ι.  Ѥ . ,9,1,1
ѵ   ÿ Ÿݰ  ȭ ̾,8,1,1
Ͼ þ̾!!!!!!!!!!!!,10,1,1
Ϻմϴ,10,1,1
 ϰ ôµ  1 ;  .,3,0,0
" Ƽ    ̵ ȭ 2 ò ǳ?

ѱ  ϴ ̱ ƴ ",1,0,0
Ƿ  ⸸  ~~ٰ  ȭ!  Ÿݰ 2 ~!! 絵  ~!!  ø鼭 ֽñ~~!!,9,1,1
  ò ָԳ,6,1,1
 Ż 巯,10,1,1
ʹ ؼ  ...׷   ʰ ,10,1,1
1 پ 𸣰ڰ.. ׼̳   ҽϴ. ٵ ڹ ̳ Ʈ ѱ ȭ Ư ġ   ׷ 鿡   Խϴ.,7,1,1
̴ ־ ٴ.... 15   Ҹ ׼   ϰ..  ĳ̰ ߴ. ׷  ʾ,8,1,1
1 ʹ   ſΰ... 鵵 ְ...뵵 (ٸ ȭ)   ...ø   ȹ̸  3 ...(÷ 󿵰 ôµ...ȭ   ϰ ~),7,1,1
 ռ,10,1,1
"1  մ. 1  Ÿݰ źϸ鼭 ϴ µ. . . . . ع  . . . ν  , ڱ  Ǽ Բ ´   ʹ. . .
ƹư , ",10,1,1
1ŭ  ֽϴ,8,1,1
"

",10,1,1
Ǿ  Ʈ Ǯ,8,1,1
ϸ 10 ִµ ̰ 10  ȭ.  ռ Ⱑ  ʰ  Ҹ ȭ ξ ϼ  ڷγ ƴϸ 1000    ѱٵ..  !!!,10,1,1
! ! !,10,1,1
Դ!!!  1 ̾ ̴ϱ Ÿ Ķϰ ߴ. ׷ ʹݺ Ա淡 Ÿ ġڱ ߴµ   1 Ȯ  Դٰ . ְ Ŵϱ ּ 1 ŭ Դٰ ϸ ȴ.,9,1,1
 ٴٸ  ȭ ġ ׼ . Ư ӷԵ .,8,1,1
"  5?   
ʹ ִ.   ѹ ׼  ӿ ׼   
ø   ھ~",8,1,1
" ռ  Ƚ.
뵵 հ.. ׼ǵ ʹ ÿϰ վ.
ڷγ19   ѹ濡  ڴٴ  ",10,1,1
ϰ 1 ɰҼ . ڷγ ñ ԿѰŶ ش . ڸ ϰ ϴ  ȭ ,8,1,1
ȿ ̼ Ӵ 帮 Į´ ͺ   ʹµ ִٴ° ΰ?,10,1,1
"ڹ Ҵ 1 , ׼    Ҵ 1  ߴ..
 ȭ  Ű ° پ Į ϰ ð ǰ Ƣ ȵ ϰ, ° 弳  ϴµ 15  ϴ°͵ 츮 ȭ  .. 
Ȱ ܱȭ  ṵ̂.. 
׷    ƴ ߿ ϳ...",8,1,1
1   .   ⵵ Ƽ  ְ ó׿,9,1,1
"ôµ ۽, . þ  Ÿ",4,0,0
սϴ ,10,1,1
ӾҴ,1,0,0
   ǥ.,10,1,1
ȫ  ȳ...... Ͽ ǵ 翪 ¥ ε...,10,1,1
̼ ..    ,10,1,1
 󸶶 ռ 츦 ˰־ ̹ ȭ  ̵鿡  ռ 찡 ˷ ٶ./ ð 𸣰 ִ ȭ/ 3 ȴ.,9,1,1
⵵  ,10,1,1
"  Ǹ Դϴ    ϰ...
 ... ䷷
ټҽǰְ    ʹ ϰ 
1ź ϳ׿",6,1,1
   ϳ  ̻ϳ ,6,1,1
"~~
 ñ~",10,1,1
1 켭  ƽ ~~~¥ϰ 尨  ణ ƽ,7,1,1
,10,1,1
"þ  (Ҹ),   ٸ, ػ ׳ Ȥθ  ַ .

Ȯ þ ī 󰡰.   ұ̵  տ,   տ ׳ õϹ  Ǵ ݾ ܽ ѱ    丮  ̾..   丮 Ϸ  ϴ. 

  1ź 2ź ׿.",3,0,0
,10,1,1
ʹ ְ Ҵ,10,1,1
" ȭ Ȱµ   ˵ 2 ʹ ְ  ħ
  3   ͳ׿",10,1,1
̰ Ǵ  ......,7,1,1
 İ,10,1,1
"ع  ȭ   
ռ  ~
볪",10,1,1
νð ~ ٺ Ѿ׼Ǻٺ ռ ϳ׿~~10kgũ   ع  ׼ ~~,9,1,1
ռ   !!!,7,1,1
 1 ....Ӱ  ȸ¾.....,8,1,1
"  ձ ƴµ....Ǹ  ø Գ׿.....
 ӽÿ ׼....ȸ ... ~~",10,1,1
ް     ü ϳ 帣 ׼ ̴. ӿ ׼  ð   ų  Ÿ ,10,1,1
" ְ  ȾƱ ȭ.
Ŷ̶  ôµ ʹ ְ ô.",10,1,1
   ʹ.,10,1,1
1  . ȭ   嶯,10,1,1
"1  2 ٴ  ص  Ǹϴ. 

ó źź ߰,
1  ǿܼ  뵵 ,
ڵ嵵 ʹ Ͽ   ʹ ǰ, 
  ڵ尡  . 
غ Ȧ ʾҳ ͽϴ. 

    ѹ   ߽ϴ. 
  ׼  ̻ ϵ ƴϾϴ. 

ռ   ״ õ ʽϴ.",6,1,1
" 5İ?
翬  5!!!",10,1,1
"  ϰŶ   ȭ, 2ð  ð ž ԵǴ ȭ׿.

   Բ   ̳׿.",10,1,1
"׳ ʹϰ
ð",3,0,0
1 ̰ ߴٸ 2  鼭   ַ Ѱ ..    ŷ ϴ.,9,1,1
׷~ 5õ  ⿣   Ʊ.,6,1,1
~ʹ   Գ׿ ̵  ~^^,10,1,1
ð ,9,1,1
"1  ,  κп 1 Ѿ ̴. ݰ.      ߽ ȣϰ ޷. þ Ѿ ػ ռ  ĳ̴.",8,1,1
"  Դ ֵ帮  ǳ ׼ǵ ʹ ߺýϴ. ̹  ֵ帮 º  ˾ѽϴ.
˵3  ̵Ǵµ
3 ֽø ϰڽϴ.  2  3 ",10,1,1
¥ ̾   ....,1,0,0
볪 ýϴ,10,1,1
ö  ﰡ  ϴ.Ф,8,1,1
 ̻Ѱǰ..  ̾..,4,0,0
þ  ճ,9,1,1
?? ?? ??,10,1,1
"հ  Ҿ 
  ^^",8,1,1
" ׳  ~~ Ϳ ʹ ֽϴ.
3  Ź帮ڽϴ.
⿬   ׷ ڿ",10,1,1
"ڵ ټ ġ
ι 簡   .
׷  ׼ǰ  丮 
ÿÿ ȭ",9,1,1
"  սô
Ҳ",10,1,1
~̰ ¥Դϴ   վ,10,1,1
尨     ִµ  ִ  ־  ҽϴ.,10,1,1
ųŸӿ ְ ׷  8̳  ȹ̶ þ  ɰϴ ĳ    ΰ ޸   þ  ؼ  ػ ĳ  Ʈ ,8,1,1
ڷγ  ѵ ȭ ٰ ó ˵2 ϶ 볪 Ծ^~^   ¯!!,10,1,1
մٴ    ¥   !,10,1,1
.,10,1,1
ͳο     ~!!,10,1,1
"ռ  Ⱑ ƴ ׸ ü  !!! 
 ָ Ŀ 丣ġ  
ռ 찡  ָԿ ~~~",9,1,1
1 ̳,10,1,1
" ʹ Ծ
 ѳʹ ʿ 
˵ ȱ",10,1,1
"ؼϰ 
׳ 鼭 Ƽ Դϴ٤
ڳðھ䤾",10,1,1
ð 𸣰 þ վ!,10,1,1
"ٷ  ÿ ׼̾.
ְ",10,1,1
"~ ~~
׷ °!",10,1,1
ȭ    Ӱ  ƿ.   ôµ ִٰ 30 Ͱ  İ ϼ̾. ռ ִٰ ϼż  ع  ҰصȽϴ.  ÿϰ  ׼ǿ ڹͱ 븸Դϴ!,10,1,1
! ִ! ÿÿ ׼!!,10,1,1
մ!!,10,1,1
 ..,10,1,1
"ʹ ū 븦 ߴ  Ŀ       ׷  
̰͵  ̴ ִµ 2% ",8,1,1
  ʿ ¥ ־䤾,10,1,1
ó   ̰ ִ ȭ!  մ ȭ ýϴ.,10,1,1
"θҰ; ~~,,,ǿ ο  ռ,,,  ˵3 ,,,",10,1,1
"óְԺȭ,Ǻ",10,1,1
 5?,9,1,1
  1ź ѹũ  ڹ ׼  ϳ  ʾƿ,10,1,1
׼鸸  ɰѴ.       ִٰ ϰ .  15ġ   .,4,0,0
. ι° ø մ ȭ 幮 ̰ ʹ ⱸ վ. ĳ͵ ϳϳ  ŷ,10,1,1
1  2 ְ ߺýϴ.,10,1,1
ۻȳ 볪Ժ ռ   þʰ  ־ ׳ ġ,9,1,1
"   ð Ǵ,ָ Ҳ,븮 ̾ īŸý,,,ҡ١١١١١",10,1,1
"1  ܼ ̷ ôٸ 2 ϸ鼭 ԵǴ  
ٵ        ׷ݾƿ?
  δٰ   ϴ...
Ȥ Żؼ ...",10,1,1
 ΰ? 볪 ߺýϴ~,10,1,1
    ̴ٰ ִ ȭ,9,1,1
1 ĢĢ  ־ 2  ڹ  ռ.,10,1,1
1  ְ ϸ  .,10,1,1
"̰ ʸɽȭ Ƽ ۵Ȱ ˰  Ҹ.
ųŸ ְ.   帣.",10,1,1
ʹ վ׿ ^^,10,1,1
" þ  ǿ
ȭ  ˿ 
 ˾׼ǽ.
㳪 ļ  ԰ 
ڹ԰ ׼Ǽ  
ڹ Ȱ 帣 ٲ.
̴ ļ ҰŶ   ޸
   ȣ  ´.
켱 ⺻ û 
15 ̻  ٲ ͺͰ ſ ũ.
׸  ϵ Ŭ 
 ǥ Ҹ  ⵵   ߴ.
 Ÿ  ÿ ָ԰ 
̴ ġ⸦  ι  ̴.
Ӿ  Ӿ   Ÿ,
ǰ   ġߵ øŭ
   ڴ.",8,1,1
"3⸸ ȭ ~^
ʹհ ߳׿",10,1,1
λ ̷ ϴ  ,10,1,1
"60 ҸӴ 40  3  ôµ   
ִ ߰   οµ ʹ
ŷִ  ϼ ̵ 
 ",10,1,1
1 ʹ հԺ 尡 ôµ ó׿.  ð   ƽ ȥ.3 ˴ϴ^^,10,1,1
 õ ,10,1,1
"  ѱȭ!!
ŭ ־",10,1,1
"ͳν 氡޽ ɿ
氡޽ð 2000 ѱ ϴ  ȭȭϿ",9,1,1
  ð̾,10,1,1
" 尡 볪Ժþ
ռ  ¼׿
ڵ ˴ ϴ  Ǳ
ٽѹ ٷϴ",10,1,1
"ռ Ŀ̽  Ţ غ ʴϴ
ȭ ʹ 볪뢽",10,1,1
" ϳϳ,  ϳϳ  ǰ.
Ư ÷  .",10,1,1
~~~~~~~~ սϴ~~~~~~~~ ~~~~,10,1,1
"  Ŀ׿.
ȼǰ ȼ ϰ 
鼭 ȭ ϰ  ǰ...
 ȮѰ ִٴ°..",10,1,1
" ھ Ƽ   
߰߰  վ   ",8,1,1
 볪. ó׿.,10,1,1
ձ ϴٸ þ аŸ   ߴ.....,6,1,1
þ ʹ ؼ   ;µ ذ... ʹ վ! 1 ణ ũѵ 2 §§ !     ⸦ ؼ 3 !!!^^,10,1,1
~ʹ ̳^^,10,1,1
"1 ̽  丮..
׼ǰ  
ȭʹ ֱ. Ĺݿ ȯ ȴ.
ռ ̴.",7,1,1
״   Ÿݰ ְ ȭ~ ٷ ޾Ҵ Ʈ ѹ濡 ư٤   ȭ  ȭΰ Ȯϳ׿~~,10,1,1
"̼ ڳ Բ ʴ°  .
.",6,1,1
  !    ־,8,1,1
" ȯ.  1ٴ ,  .",9,1,1
ȭ ,9,1,1
Ƽݰ     3ź     ,9,1,1
"1  и 
Ư  ٷ  ȭ
ְ ̴ 
ֱȭ ȯ  Ŀ鼭
ȭ ƴ Ϻϰ ä ̾,
ռ   þ   ŭ  ٸ  ǿ .
  ص ٵ ƽǵ^^
ٸ, Դ ڸ 
׷ 1 .",9,1,1
"ٸȭ     մϴ
ż,  , ڹ ణ ƽµ  
׷   8!!!",8,1,1
߰ Ʈ ¯!! ʹ ճ׿,9,1,1
"Ʈ ؼ   ֽ  ϱ .
ȭ  ó  .",10,1,1
ÿϴ!!!,10,1,1
!! 볪,10,1,1
"ʹ־ 
ռ   մϴ
1 þ پѽϴ
!!",10,1,1
ְ Դϴ,10,1,1
ռ  ...Ҹ¿   ź  ĳѵ ׸   ¯   ڵ嵵 Ơ ϱ⵵ ι   ðٸ,9,1,1
" ܿ~~~
ռ  ׳ ƿ~~
 Ե ϼ̾~~

䵥  ˸ Ƽ Ѱ͵ ˰ڴµ
Ǵ ƹ  ׿~~
丮
  ׷",7,1,1
  尨 ģ,8,1,1
  ,10,1,1
~^---^,10,1,1
"ʹ հںýϴ!!:) 
ٵ ??",10,1,1
ڵ ȭ ܰ ̾߱.  ġ 鸶  Ʈ ־ 忡 Ҹ  ʾҳ׿䤻  3⸸  忡  մ ȭ  ͼ Ҿ     ǥ  Ⱑ ??,10,1,1
"2 5  
    ľ ִ Ź ̾ ȭ",9,1,1
  ո հ ô,9,1,1
"  ϰ!!
ȭ վ~!!^^
ð  𸣰 2ð !!
   κ ÿϰ
óϰ   ÿԤ
ٸ    Ƽ 
    1 ϴ٤",9,1,1
"¥ ʹվ
ְ ռ ʹ ϰ  ̰  ¥ ʹ ־
Ư  ¥  !!
 3 ǳ׿",10,1,1
Ǻÿ 1پѴ´ٴ¸ ̾ƴϾ~~,10,1,1
ռ  ׷ ⼱ !,10,1,1
ڵ ׼     Ӥ,10,1,1
1ϰ 2 1 µ ̹ ˵2 ׷   ʶ. 1 ֵ Ҽϰ հ 볪Ԕf . 3 Ѵٴ    ̾ ٴ,9,1,1
"1 ִ 2    
 ٿ ׼ǰ ռ ߰",10,1,1
ʹʹ  հ ýϴ..,10,1,1
"< ع> ռ   . 
 ׼  , 뺻  ̽   ¿  . 
1 ƾ, 2   ĳ   . 
ػ  ε,   ڲ ػ ڲ   ǳ!",7,1,1
̼ ѤѤѤѳƴ   þ̾ ѤѤѤѤѻ    Ѥ ,8,1,1
"ÿÿ ׼  . ˿ Ʈ ְ
ٵ  ȭα׷  ô",8,1,1
"ʹ Ծ~
 ȭ Ʈ Ȯ Ǯ׿~
 Ծ  ù, ¶ ɾ߷ ιþ",10,1,1
 л ⿣ մϴٸ ӿ ׼  ֳ׿ հ  ýϴ.,9,1,1
" ð . 
߰ſ?  5̸
˴ 10",9,1,1
1.ٴ ƽ ׷ ְ  R.,10,1,1
ƴϱ׳ɽȾҸһ̾¿ȭ,10,1,1
1 ŭ ־,10,1,1
" Ҵµ   þ  ռ  
  ٸ  հ ѽϴ",10,1,1
"ߺýϴ ٵ Ѱ  ʹ  
ѱ ų μ ټ ´µ 
ų ׷ Ѱʹ 
  ¾ֵε
׸ Ϸ翡  õ  ȸ
ѵ ų ׳ ѵ Ǵµ
ù̵  ׳ 
δ ǿȭ
¥ ų  ѵٴ ̶θͼ ù  ״ ʹ Ǽ ",6,1,1
"1 ִٰ   Ǫ ֵ
˹?
 1 ",7,1,1
1 Ⱥ ߸𸣰ڴ. ʹ ,8,1,1
մ ûհԺ,10,1,1
Ʈ ѹ濡 Ȯ~~,10,1,1
1 Ѵ° ͹̳Ͷ ߴµ ̰͵ پѳ ¥ ְ,10,1,1
ع ̶  밡 ̵Ǵ ȭ׿,10,1,1
"1  
׷ ",8,1,1
"¥  մ ȭ þ.
.丮.׼.ڹ.  ~~~ì俵ȭ",10,1,1
12,10,1,1
 帣  ռ ο 帣  ε,10,1,1
"ȥ ߽ϴ 
ʹ ־ ȥε  ֺ
ϳ    Բ ׿
   Ŀ  .ϴ
ռ ~ ǸŰ ʾ~ص  ֱ ֱȭ^^ ȯ ѳ  ..
ι°    ϰ µ
Ʈ~Ȯ 귶~ ſϴ
 ~",10,1,1
"˵1  ؼ 1 ٶʰ     1ŭ 뤾
ѱ  ȭ  ȵǴ 丮    .
ϴ 鼭 ׼ǵ ±",10,1,1
"  ~~
1 þ ϴ    ƽ ÿÿ ׼ ϴ.",8,1,1
 1  ֳןB,10,1,1
 1ٴ   ʹ  ĳͰ մϴ,6,1,1
 ϰ  ȭ Դϴ.  ־ϴ.,10,1,1
׳  ȴ  ̳ 볪!,10,1,1
 ~~~,10,1,1
"!!~
ȭ ڼ??",9,1,1
"븮  ¿ 
JJT!!!!",10,1,1
 ƴ ,10,1,1
"¥ ȭ ԰  
 ع  Դϴ
ռ  ѳ ¯ Դϴ
!!  
ȸ մϴ!!",10,1,1
" Ÿֿ̹  ϼ  

 ¼ ",9,1,1
1  ־~ٸ ȭ 2 Ǹϴµ  ȭ ƴϳ ,10,1,1
þ ȵȴٰ? Ŀ  ȣŲ Ǵнvs ̴.  ڹ Ұ  ׷   ÷ƴµ ĳͼ  鼭 ϰ ޾ġ° þ̶ ٸ .,10,1,1
 ,10,1,1
"- ׼ , ۺ پ   µ, ˵ô ! 3 մϴ.",10,1,1
볪 ~!,8,1,1
"ڷγ ģ ɽſ ߰ſ Ǹ ָ  , 8 ô!! ѱ ι ǿ,   ϴ",10,1,1
ռ    ,10,1,1
ÿϰ   ^,8,1,1
 ׼ǿ  ڹ,10,1,1
 ¯??????,10,1,1
"1, ѵ
...Ź޴ܻ.~~~^^
ΰ..ϰԻ.
. ",8,1,1
2 ̴  Ģ ¡ũ  ְ ׼ǿȭ!^^,9,1,1
"˵ø ǰ.ϰ ° ƴϴ
츮  ȭ ϴ ġ
 ִ ȭ
ų հ  ȾƱ   ִ 
׼. 帣 ϰ  ",10,1,1
ع  ׿.   ̿ҵ  ְ  þ~,10,1,1
¥ ̼ Ѽ Դϴ,8,1,1
"1  2
ִ    ׼ 
  ־",10,1,1
ΰ ũ ְ ׼.    ִ Ÿݰ. ~~~ ̳,10,1,1
!!! ռ!!!! þ̶ ٸ!!!,10,1,1
&ȯ ɹ ƴ. ִ ΰ   ָԿ   ո ô ֵ帮꿡 ȯϰ ׿.  Ƽ   . ǿ þ ξ Ʈ ־. ڽñ 3⸸   ȭ ̾.,10,1,1
,8,1,1
"ִ  ȭ 
¥ 볪 .",10,1,1
" ְ, ճ׿..ְ.¥.",10,1,1
"   ¯ ԰ ɹ ʹʹ Ҿ
  3   ھ
ؿ",10,1,1
  ø 2 ñ~,6,1,1
ð  𸣰  ÿϰ ְ þ. ,10,1,1
" 1  ,  ⿡  ȭ Դϴ. õմϴ.",9,1,1
" ̰ c ̰̱ص  ƺ  
1 âþٴ ص հԺó׿.",9,1,1
  ^^,10,1,1
  ٷ 3 ϰϴ  ȭ.3    ,10,1,1
   ƴѰ,10,1,1
 ־  ,10,1,1
" մϱ
ռ   µ 丮 Ұ Ʈɵ Ұ Ư    ְְ!!
   ִ",10,1,1
"ҹ, ˿  ǿ Ҹ ,,, ε   ~~ ÿϰ վ ݴϴ~!!!  
~! ÿ~!  õ~!!",10,1,1
"˵1  ξ 볪׿..
  ָ  
ռ  ׷̵ ̳׿...",10,1,1
־~l Գ׿ ,10,1,1
  ߾Ϸ     ϴ,10,1,1
Ʈ     ִ ÿ ȭ!  θϸ !!    ̾ ø ,7,1,1
"    .
 ǿ  
 翡 þϰ ° ýؿ κη Ƚ~ 
   ̸ ָ ø 糪  ????
̸, űⰡ ڸ 
 ư ̿Է ~ ??
˸2   Ѵ   ϰ վ
 ~ ",9,1,1
"  ˵2
Խϴ 
 ϰ  ֱȭ ռ",10,1,1
 볪~~ ǥ ׼ ׳ 볪,10,1,1
ʹʹ ̳.  ϳ ϰ ôµ Ϸ Ʈ Ⱦ ⿬  Ⱑ Ǹ Ư ̼   ˻غó׿  ȯ Դϴ ⸸ ص ܿ ü ~?? õϴ~,10,1,1
׼ ʴ  ¥    ûҶ ˵ÿиʴ´ ũ~~~,10,1,1
Խ   ̼,9,1,1
ÿ ÿϴ ճ,10,1,1
1  볪,10,1,1
"19 ῡ ī  ôµ
÷  ģ  ô  ...׼~! 
 ־ .",10,1,1
 ȭ   ־.,10,1,1
"  53ε  ƺ̴ ҷδ   ƴѰ ʹ.

Ⱥ ̾ ϰ. 

  .    ̷   ÷ ",1,0,0
"¹  1  üƳפ
ִ ƽ׿",8,1,1
"뺸 ׳ ׷ ƽϴ.
   ߰, þ ī ռ 迪 ĳͰ  ߳׿.  λ ׼  1  ż ϴ.  1 ޶  ߾µ ű⼭  ̿ϴ. ü Ⱑ ڹ̵ ̲  ־  ̲  ǰ ϼ Ƹ ƴѰ մϴ. 3   ϰ ó ϱ ٷϴ",6,1,1
̽Ῡ,10,1,1
 ! ˵ 2  !!  2̻  ȭ 븦  ߴµ ̰ ¥ 1 ξ پ Ѵ ȭ!! ¥ ׼ !!  ؼ ȭ ĸ  ٰ ° ???? ȭ  ̷ ...׼ϸ ̿µ  ȭ ׼   Ǹߴµ ˵ 2 !!!!     ׼ϸ 1ϵ^^*  ȭ Ⱥ η٤Ф ȭ    !!   ϰ ȭ Դϴ^^*,10,1,1
õ   ,10,1,1
"丮  ˵1   ο ΰ  ȭμ ְ  Ǵ ġ  ׼ ϴ. ڹڵ嵵 . 
׷ ʹ   .",7,1,1
̰  15,1,0,0
"˵ 8۱ ȹϰ ִٰ ϴ.. 
˵ 8 ҿ  þ̶ ػ Żؼ  ؼ  Ϸ  ̾ ڴ.....

8 ڵ  Ἲؼ.. Ÿ뽺    ..",10,1,1
   ճ  ٵ ǿ  þ ,9,1,1
1 ݰϴ,10,1,1
  ƿ ִ,6,1,1
Ȯ ճ׿,10,1,1
볪 δ ְ  ׼ ׿,10,1,1
ð ~ ְ!  ռ !! 1  2 ƴ 3 ճ׿ ְְ~~,10,1,1
"Ÿݰ ϳ ¼  ׼ ˹, ϰ .",7,1,1
þ Ƽ   վ ,9,1,1
˵ 1  հ þ 翬 2  ϸ鼭   뿡    ̾Ф    ȭ  2  ߴµ ˵2 1ó ʹ հ  ʹݿ ׳ ׷ε   վ,10,1,1
"׼ ϳ ۿ  . ׷ ܼϰ Ʈ Ǯ  ȭ ̴.      ٶ ¥ ۳ε..   Ǵٽ  εô ó ġ ô븦  ִ ǿ ź  ̷  ϴ 鿡  , ݴ ܼϰ ġ  ״밡  ̶ ȭ  Ѵ. ƴ     ",6,1,1
..  .. 1 δ ϰ   . ƹ þ3ι ó  ø. ׷.. 10kg    ϰ .  Ż  ϳ.븸.... ... ,8,1,1
"ʹ ų վ^-^ ó ռ ö - ϰ Ҹ  ^^ ϴ󱸿  ǿ  ±⸦  ġ⸦ ϱ  ó̿׿   , ռ  ־  ׷ ƿ ^^ ׼, , 丮..  2  վ. ռ Į  ׼Ǿ Ͻŵ մϴ.",10,1,1
  ôµ  ־  ߾~  ׼   Ÿݰ ־ ׼Ҷ 𸣰   ,10,1,1
"SF ȭ ޵ !!! 

   ȭ  ׸ض !!!",1,0,0
"信   .. ̾ȵǼ ̰ſ .
  ..
׼   .. 󿵽ð ª  ¥ӻ ణ  Ӱ ƽ.
 ߴ þ ī .
 ü  ׼ ϼŵ .
.",7,1,1
1  尨 ԰   ׼  Ǵٸ ̿   ,9,1,1
  ϱ ٳ  ˰ ; ýϴ,10,1,1
"1   2 ֱ
þ    ػ",10,1,1
"  ǥ  ¯Դϴ.
  ɽ ~~~!",9,1,1
ÿÿ  ð ,10,1,1
"19 ̻   餾
  þ
˵ 1  2ҽϴ
ణ ġ԰ ̰ ? 
   ִ ȭ",8,1,1
 & ڹ 1   볲~~~^^,10,1,1
"1  Ƽ
2 ƴϰ ߴµ 
2  ʰ Ǹϳ׿ 
 ø ְε 
 3ź ٷ",9,1,1
"ǿ ⰰ ڵ ó   ڴ.
հ  ýϴ.
Ѱ ƽ     Ұڴٴ  .
  εѰм ణ ƽ ",10,1,1
   ־   3  ھ,10,1,1
"  尣.
 ѹ ʹ.",9,1,1
"׳ 1  ..
1 ׳  ĳ͵ µ
2 ػ ̼   ",6,1,1
 ,10,1,1
1 Ҵµ  2  ӳ׿ 3  ̱ ? ,10,1,1
  Ծ~~ ־~~,10,1,1
"ռ  ߾մϴ
1  
2.... ػ   ȭ ...

׼ ¯! Ʈ Ȯ!!!??",10,1,1
"1 ̰ ϸ鼭   2    ϰ հ  ~ 1,2 Ѵ հ ߺ~",10,1,1
׳ ׷,4,0,0
"¥ ⸸ ȭ ʹ ְ þ
 ƿٴµ  ֳ׿ 
ٵ ѹ ",10,1,1
"

1ź  ... ̶  մϴ.",7,1,1
" ڸ    þ!
 վ~
   ;!!!",10,1,1
" 1  
Ϻη Űǰ
ݺ 1   ",8,1,1
 ع ؼ 밡  ˴ϴ,10,1,1
׾ ʸ ϸ λ Ƽ.,8,1,1
"1 볪ٴ  ôµ  ð 𸣰 þ~~~~~~ վ!!
  ȭ ߺýϴ..߰ ʰմϴ^^",10,1,1
¥   վ մϴ ز  鵵  ̰ ִٴ»Ǥ,10,1,1
  ƴٰ ýϷ ôµ  ̽Ʈ  ......,7,1,1
"ʹ հԺô! Ư  ĳͷ ð  𸣰, Ư ռ ׼ǿ ʹ  . ¥     ~~.",10,1,1
"վ  Ÿݰ  
׳  ^^",10,1,1
ϳ   ~ ϳ ַ  ~,10,1,1
"   ֱ  볳ϴ
ռ 쿴  ߓRϴ",10,1,1
,10,1,1
1ź  հ   ߴµ ,10,1,1
"ռ  ߽ϴ, 1 þ ذ  ? ߴµ 쿴׿,  ÿ ׼ Դϴ",9,1,1
 ÿ ȭ,10,1,1
" ռ
  ٸ
˵2
 ־",10,1,1
"̼ ʹ  þ䳻 Ұ 
ǿ ƹ ϰ ص þ  Ҿ",10,1,1
ơ  2 ϴ ߴ.. ׿ ¼ ٲס˵1ó  ȭ 帣° ƴϰ ʹ     ,8,1,1
"ռ ¥ ְ ,,  ־ϴ 
1  վ ϰôµ ְ,. ְ",10,1,1
þ 尨  ,7,1,1
1 پѴ 2̶.    ۾ س ⿬  е ô!!ڿ 3ź غ  ǰ Ǿ׿ ູմϴ٤,10,1,1
"    ׿  ۿ 
丮 ,  ׼ ̵ ֱ   ־ ȭ
 ׿.",10,1,1
"׼ 谨

 Ըϴ.",10,1,1
ȭ   ȭ...,8,1,1
 ߳,10,1,1
ڽñ ִ ׼Ǹ.  ؿ. Ʈ   .,9,1,1
"¥  . δ 1  2 ° ƿ.  ռ Կ   ٰ Ҹ  ϴ  Ʈ ̴ ׼ ϰ  췯 ִ ,, ǰ  ȭ   ȭ  ϰ ü ִ  ȭ.",10,1,1
ȭ ̷!!!  ƴ  !!!,10,1,1
"ȭ  ¸  Ф
ռ  !!!
 ĳ ȭ  ~",10,1,1
 ׷ ճ,10,1,1
Ÿݰ  ׿,9,1,1
1 Ѣܢݢܢ̸ 2  ۢܢܢ̴.      ,10,1,1
" ̷?? ̷ ̳ ȭϰ   3 ٸ ݾ!~~~
ʹ յ 1  ȭϴ ±!!!",10,1,1
"  ڸ ڹ,, þ ɰ  ػ ,,  ο ׸...",7,1,1
"ڿ ްڽ ῡ ıϰ ְ ó׿.
Ƶ  ϰ ſ  ð ̾ϴ.
ð  𸣰 ó׿.",10,1,1
¯¯¯ ¯! ռ¯!  վ~,10,1,1
̼  ȭ ĳߴ,8,1,1
  .   ȭ     ƾµ  ˵ 2  Ǯ.   ÿ ȭ,10,1,1
3  ڸ  ͵  .   ÷ б⿣ ռ ʹ ..,8,1,1
 帣 Ʈ ׼  ̾.,8,1,1
  ƿ.   帣 ŷ ˰ڴ.,8,1,1
" ߾ӹ޴    ߺð
  ѱȭ    䵥
  ǥȭ   
׼ǵ ƿ
̷ մϴ",9,1,1
  ÷; ְ.  .ְ????????????,10,1,1
"հ  ýϴ.
 ŵ ˰ ǰ...
 5ߴ ¥  ٴ...;;",8,1,1
1 ,10,1,1
Ÿݰ 100 . 丮    .,9,1,1
"   ƴ..
Ͼ þ̾~~~~~~~~~~~~~~~̤",10,1,1
"1 ĳ͸   ߸ ó Ҵµ, 
2 ĳ͸ ʹ ǰ   ϴ.
ƽ׿.",4,0,0
̷ձֱ? 1 2ȸ մϴ Ⱥ ø,10,1,1
"1  հ ýϴ
ϰ 2 ٳԴµ ʹ հ  Ծ
  پƴ?",10,1,1
 ,10,1,1
 ׼  ׳  ѽô ȭ!!,10,1,1
˵1 Ʈģ  Ȯ   Īմϴ. ̰͵ 1ó     ϳ׿,10,1,1
"ð 𸣰
̰ ߾..
 ͳ׿..",10,1,1
"ڵ尡 ٸ ϴ.
 90̸ 2 60.
     ̻ߴ 
丮, ׼ǹ     .
 а ̷  Ͻ .
 ̾ ̹  ׷ ȭ ....
   ǿ Įۿ  ȳ. 
 õ帮  .",7,1,1
Z  ĳ  ...븸,10,1,1
 ʹ ֳ׿ ϱ ð ݹ氡׿ ռ   ָԿ  ռ ģ ϳ׿  ˵3   ٶϴ ~~ ׸ ڷ 3⸸ ȭ ׿ ~~ ,10,1,1
"  ε, ÿϳ׿.",9,1,1
"ϴ 

1  Ե  

1 þ ִ ù ̸ ִ ̾ٸ

2 հ ÿÿ  ι

 ٸ ̰Ȯ ־",9,1,1
"ʹ վ.. ϳϳ ~~^^ 1 ϰ, ü ȭ ſ ݸ~2 ׳ հ   ִ ȭ!!",10,1,1
ϴ    ռ   ߾ ġ   ƿ   Ѿư  ߴ°  þ    ְ ʹ.,8,1,1
"  ʰ ֽϴ
  ȭ ̰  µ
׷ ʾƿ
õ մϴ

ҽ ̼ ...",9,1,1
  1  ѹ     !!,10,1,1
  Ƶ 丮 ü ÿÿϰ 涩־  ȭ.,9,1,1
  س³׿.  ߴµ ø ѹ   ȭ.   ŷ ¿,10,1,1
"1    
 ͳפ
Ѱ ƽ  
 ٵ...  ׷  ε~~~~",10,1,1
̹ ~,10,1,1
ְ,10,1,1
"ÿÿؼ Ҵ.
Ʈ  濡 ༭ ϴ.",10,1,1
ֵ  ұ ̳~~~ ſ~~~ִ ̵,1,0,0
.,7,1,1
ʹ հ  ýϴ. 1 ϴ ȭ 2 ߵɼ  ϴ ߾ƴ   ˴ϴ.  ںе ϼ̽ϴ. ռ ǿ þ Ѿ׿. Ͻñ ٶϴ.,10,1,1
"  ϰ  а   ʰ 
    Ű Ⱥþ ְ   
 ϰ ϰ ְ īŸý  ְڴ ׷  Ծ.
 鼭 մϴ. 
ٸ þ ̹ Ⱑ پ ׷ ռ  ǿ Ʈ ϴٰ 
(  ǰ)  ɹ̰  Ƽ ϴ. 
  ΰ ƴϰ ڵ () ȳ θǽ, 嵵 鼭
ҽְ  ָ ׼Ǹ   ˿ȭ
 ȭ   ȯ Ʊ ʾҾ. õ!!!",9,1,1
 ־  츮 ٰſ  ð  ּż  մϴ,10,1,1
"  ʾ       ̴.
  Ǵ  2      غس
ڱ  ñ.",10,1,1
ռ ,10,1,1
"??ֽ 3?? ٿ
ְ    ְ",10,1,1
" ⸦ ؼ   ȭ
ȭ ߸µ........ 
 찡 ȳͼ ƽ",10,1,1
"ѹα ε   ġ ž.~~ʹ ̰ þ....˵ 3ź Ҳ...
     ȭ ˵ 2ź ~~ ",10,1,1
,10,1,1
丮 ϴ.. 嵵 ݹã  ѱ ʹ Կ.. ׳ 丮 ,2,0,0
" ϶  ó 帮׿.
  ݰ(ڵ  游!) ǰ ׸ Ѱ?
㸮 ȭ ؼ  Ͻö~",10,1,1
 5?,10,1,1
"106̶  ð ƴ 1  Ѱ ϴ.  սϴ. 3 Ҳ~
 3 ´ٸ ,  ٰ  ȥ ؼ   .. ̷ ɰ  ... ",9,1,1
" Ƽ ° .
ѱ  øó     ϴٰ ",10,1,1
ռ  ¯!!    ְ ýϴ ~*,10,1,1
"þ þ. ¥ Ұŵ.
ٵ ػ ⸦ ϴ?
ռ ⸦ Ѵٴ° ƴϴ.

ƹ þ  ߰
, 輺, 㼺, ȯ 
ɹ̰ ô.",7,1,1
" ִ ȭ Գ׿
1 ʹ ְ    ø ȭ پ ʾƼ ųŸ   ߴµ 1 ֳ׿
Դϴ
1ó ϰ ׼  ڹ  ÷ ̳׿",10,1,1
 ,8,1,1
ǥ ȭ̻ϵƴ,7,1,1
¥վ  ռ  ¥¥ ƾ   ں ,10,1,1
 ôµ ۽. 1̶  ̶. ̴ ְ 2 ξ   ƴϰ. ,9,1,1
" 1Ŀ .. 

  ũΰ..",10,1,1
ϴ 10 ڰ ~  ִ,10,1,1
"߿ Ծ. Ժ̶ؼ 
Ȥ ΰ ߴµ  ~ ־䤾  1 Ӱ µ
2 ƴƴ   ׼ǵ ÿϰ..
   SIGNATURE ART CARD  ޾ƿͼ
 ~
 õ ~~~",10,1,1
վ ,10,1,1
"ռ  ǿε  ʳ.. .. հ  þ..
1 ΰ  ־..^^",10,1,1
 .  . ġ«.,4,0,0
"ʹְԺô.
 ڸ ѰԳµ
15̶° Ѱʹ.
û̾ϴ°ԾƴѰʹ",10,1,1
"ְ ÿϰ  Գ׿
 õմϴ.",10,1,1
"  ÿÿ ׼~~
USB~",10,1,1
1 ؼ ôµ ̾.,1,0,0
"ڷγ Ǯ  忡 ȭϱ   ذ ˹ٵ.
 ׼ ϱ⸸ ϰ ĳ  ޹  ؾǹϰ ΰ ׸ ľϴµ ״ 츮   鸸 ϰ  ¥   ",1,0,0
"  7 ε  6 ϴ

1 ϸ  ¥ ݵ  󰡿

׷ ٸ ȭ",3,0,0
1 ճ׿,10,1,1
¥ ϴ,10,1,1
"ú Խ
 ֽϴ 
æ ɴϴ    ƴ 
 
 ֽϴ",10,1,1
"1 丮 ¦ ϰ ռ ĳ͵
ü ʾ ׷ ұϰ ÿÿ
׼ǰ   ÿ ׼ǿ ð  𸥴.",9,1,1
"վ
Ǵ ε  վ
⸸     ?
 ȭ Ʈ ġھ^^",10,1,1
" ̳ 
Ʈ ִ   ƽ",10,1,1
1 ¸ Ÿݰִ ׼ǰ ʴ  ѱȭ   Ҵ,8,1,1
 ƹ   ȭ.,10,1,1
"~ ÿϴ~
ڷγ ߴµ ..",10,1,1
ð  볪,10,1,1
"׼  ȭε  1 
ƽ  ռ ǿ  Įθ ұϰ 
 þ  ..",8,1,1
" ŷ ״ ִ ȭ
߹ݿ Ļ 
Ĺݺδ ׼  츰
Ӹ  ÿϰ ִ ȭ",8,1,1
ȲҰ  100 ,1,0,0
 ִ ̶!!!!  !!!,10,1,1
" ƽ....
 ȴµ......ٰ ߴµ.....
 Ų...... ...",10,1,1
"1 ʹ  ְ f.
ӵ",10,1,1
"()  
ϵ ؼ ϸ ÿϰ ذ
ȭ ʴ ڴ  3 ȴ",10,1,1
"  10 30. 
  迪̳ ḻ  ˰ , ռ   µ   . 
Ҽ ӵ ~
  ػ ʹ غ?",8,1,1
ĳԾ  ̰  50ۿ ȵƴµ ݾ  60뿡? ư 1 ʰ  忡 2 ʹ հ ߺýϴ?_?,10,1,1
"1      ~~
 ⿡  ȭ.
   ʹ.",10,1,1
  ...ù   ٷ ħ  ð  ȥ .  ̶ ڸ γ߱⿡  ϰ .  ػ  ǿ ΰ ̸  ɵ.      𸣰 Ⱑ ô̳ Źϴ.  ⵵  ػ ĳͰ  ǿ  پ Ѵ° .  1  ߴͶ 밨 Ҵµ ġ  Ҵ.  Ʈ ߰߰   ־...ü.. ׼  ȭδ  !!,9,1,1
" ̴ 60 ̷  ׼  ̳.丮 ׼  ϳ   1 ȭǾ׼ پѴ ׼ ռ ׼ǿⰡ  . ص ٴ ռ  ̷  ȭ̿ʹ.Ѱ  Ʈ ȭ       Ǹµ װ  Ŀϴ,,,Ͽ ˵1  ԰  ִ  Ǵٽ ⿬  ̵ ׿.ż ż ̰ ְ ˵ô    ӱ  .",10,1,1
.,10,1,1
ǥ  ȭ    ̵  ȭ,9,1,1
ռ ô~~^^,10,1,1
" Դµ 
1 ̾ 2
Ÿ뽺 ׿.
 ʹ 
 , ḻ ϰ
3 ϴ 
µ
۽ 
׼  ÿѰ
 ϴ.
 Ʊ ƴϾ.",7,1,1
    ε鰼 а    õ. 3 ̺ ġ !,9,1,1
"ǥ ǥ ׼!!  ÿϰ ýϴ! ռ    Ͻô󱸿! 
ڽ ߴ ! ÿϰ Ǯ׿!",10,1,1
"þ ؾ.
 ǵ ػ .
  Ϲ ʰ ĳ.",10,1,1
1 ٴ  ׿ ƽ 3  ,6,1,1
,10,1,1
 ôµ  ռ    ̹  ǿϰ  θ´° ƿ.   丮  1ٴ ѰŰ,6,1,1
,10,1,1
 ȾƱ,7,1,1
1   볪! ̼ ְ!,10,1,1
츮   ø źѵ .. 1    ո  ˵   ..,8,1,1
׼ ÿÿ  װ   þ,10,1,1
"  ʰ հ þ.
 ְ ׼ ÿÿؼ  ķ߽ϴ.
  , 輺 3  ó  Ҵµ ǿ 1̶ ణ ƽ׿.
Ʈ µ Դϴ.",9,1,1
   Դµ 1 մµ 2  볪׿~    Խϴ.    ȭ Ʊ ̱  ÿմϴ!!,9,1,1
ռ Ⱑ 峭ƴմϴ~~,10,1,1
" ʰ ôµ
ϰ  ִ.",10,1,1
 Ǵٸ    ִ.,10,1,1
׳  ȴ~!!,10,1,1
" ٲ ׷...
1  ̴  
̼, ֹ ݰ
 ǿܷ .",7,1,1
ս ,10,1,1
"18 9 30п   Դµ վ.
ٸ, 15  ϱ⿣ ʹ մϴ.
þ Ƕ   ߴµ.... ػ ̳   ̳׿ 
 հ  3   մϴ.
.....  귣׿.",10,1,1
"ʹ   ȭε
 ƴ  ̿ ׼ 
̾    
 Ͽ ѹ    հ þ!!",10,1,1
 Ÿ ˾ƹȳ~. ع ռѵ  ֿ 簡 ϳ׿ Ÿ Ծ~usb ~ ׷  5   ġ Ⱑ ÿÿϰ ٴϳ׿   6 մϴ~~ ռ   ¥~~~,10,1,1
úôµ վ.,10,1,1
   ε þ ϳ  ʾҴ. ػ ξ  Ƕϴ.,10,1,1
,10,1,1
  ʹ վ   ~~,10,1,1
1 ,6,1,1
"ȭ  ̷  ȭؾ~
볪 ",9,1,1
ػ  ⵵ ̿  ð   .,8,1,1
  ְԺԾ....,10,1,1
1  2  ճ׿~,10,1,1
"  ȭ ۾˹ٵ ĳ±. 
ö  Ÿ ۾˹ϰ Ƽ ڳ",4,0,0
 ȭ  100%  ó 15 ۵ȴٰ   ƴµ ȭ   ϱ        ռ ǿ ƴ.. ̹ ˵2 ռ  û   ,10,1,1
̴ϱ,10,1,1
"  ع  ˵2 Խϴ.
   پѰ   پ   ÿ ϰ ũ  ϸ ó  ð Եƴ   ǰ̾ϴ.

 ƴϾ Ҵµ  ٴֳ׿䤾

 е    Ͻð 󸶿  Ͻ  ־ մϴ. ",10,1,1
̸߱淡ôµ  ¸  ¥ վ,10,1,1
  ~~~ հ   Խϴ~~ Լҹ  5 18 ϸ     ϴ~~,9,1,1
þ  ȭ ?,2,0,0
  ʿ ϴ.   ¥մϴ.   ð  Ǵϱ ٶϴ.    6  Ҵٴ ʹ ̽ϴ.^^,10,1,1
"  ȭ.ǿ  ΰ Ⱑ Ư Ǹϴ.
Ǽ Į ¼  ⿡ ÿϳ  ״.",10,1,1
մ. ϴ. ٵ  ϴ.,8,1,1
 ٷϴ~~~,10,1,1
 ȯŸ   .. ÿÿϰ  ճ,9,1,1
"ڽ ־ϴ
ó  Ѱ ϳ ڿ
ҽϴ
 ⵵  Ƶ  ѱȭ 2 ϴµ  1 ־. ʾҴµ ʹ ҽϴ",10,1,1
,10,1,1
̿,10,1,1
ְ  ʿ .,10,1,1
.,6,1,1
" پ ȭ..... ϻ .. ķ..
ȭ  ȭ   ޱ³ ȭ   ϰ ض",9,1,1
"... ð   𸣰  ȭ
, 1 þ ī ռ ¦  ħ.
ռ 簡 ǿܷ    Ǵ .
̷ ǿ 絵...絵  ",8,1,1
" ȭ   , ռ   ",9,1,1
"    ~~~
ȭ  ",10,1,1
"ϰ  
ϰ  ռ
( ع ?  )",9,1,1
"԰ , ϰ ֽϴ. ٺ  ׼Դϴ.   ٵ...   ֵ ׳ ΰ ...׷ٱ.",8,1,1
" ع ռ μ 󺸴ٴ ( )
ü  ƴ ԰ְ մ ȭ",10,1,1
ְ ߺ. ð ,10,1,1
ϰ ôµ 1.־,9,1,1
" ôµ, ׼ǰ Ӱ   ̳ ȭ ̾^^ ο    Ȱ, ռ ǿ ȭ¿ ź߳׿~~ Դϴ!  
"" 5~~?"" ( е鸸 ƽ Ʈ^^)",10,1,1
" 鵵 Ұ ׼ǵ Ҵµ
ûҷ ϰ   ػ þ 
 ι ǥ
  ",7,1,1
־.   ؿ.  ʾҾ.,10,1,1
" Դµ ð  𸣰 ճ׿
ϰھ~~~~",10,1,1
"׳ մϴٸ 1ٴ ϳ׿.
׷ Կ ĿǮ¯Դϴ",8,1,1
"2008 ѱ ~ Ʈ ȣġνø  
ȣ Ÿݰ  ˼ ̼ ϼϴµ,
ڹͿҵ ְ ̹  ƿ ϴ !",8,1,1
 δٴ ԰   ϰ ôµ ŭ ֳ׿.  ȭ ,9,1,1
 ϵ Ŀ ̾߱  ξ źźϰ  ̴ ð ̿!! ϱ  ڹͰ ӽÿ ׼ īŸý ִ ְȭ!!,10,1,1
"ڹ̵ ׼ǹ.
̾.",4,0,0
úԴµ  ־ϴ.,10,1,1
 ҳ׿ ׼ǵ  丮 ƿ   ƿ,9,1,1
¥ . 1 .,10,1,1
¥¥¥ !! 2ð !  ȭ cgv Ŷ̶ Ӵ̶ ôµ ´  ž~  15 ġ ϱ ѵ  õ !!  ϸ  ~~    簡 氡޽ú !!!! ,10,1,1
 ûȸ ôµ  ,8,1,1
  Դµ ְ ýϴ,10,1,1
̾ߴµ ֽϴ.,10,1,1
þŭ ǿ  ׼Ǿ   ѹѹ ĥ   ÿÿ մϴ .,10,1,1
 ôµ..1  볪~^,10,1,1
"ȭ 鼭
ó ȸ   ϴ
Ʈ   Ǯ ȭ~~~
 ...",10,1,1
,10,1,1
հ      ٰ   ϼŵ  ɵ,10,1,1
 ¥  ְ . ޿ (þ) ʹ ʹ..   õ~~ 1  ְ .15 õ  ?   ѹ   .,10,1,1
̳ ־,10,1,1
Ϳ ¥ վ. 1 Ҹ   ڹͱ  ߰ ߾~ Դϴ. Ʈ Ȯ ȳ׿. ؿ.,10,1,1
1 ŭ̳ հ  ߺýϴ!!!    ׿!!!,9,1,1
"̷  ȭԴϴ ^^
ѱ !
1 !",9,1,1
"ռ ĳ .
 ȯɹ",8,1,1
ϴ ͺ ˵... 10 ϱ⵵   Ƽ ִ 10,10,1,1
"¥ ΰ  ⸦ ؼ հ þµ

   ƴϱ ",7,1,1
"~ ˵2 ٷȴµ  ±!
˵2   !!",10,1,1
 .,10,1,1
Ǽ¡  ϰ  ȭ ׸ ,1,0,0
"  ð,  ū    ׷  10...",10,1,1
" !
ռ Ǵٸ 
1  ̳׿.",9,1,1
 Ҵ밡    ϸ鼭 .,10,1,1
" մϴ..ûȸ  Ե ....ǻ 丮Ѵ  ðٸ𸣰  ӺԵ˴ϴ...,....մϴ",8,1,1
"ûȸ ٳԽϴ. ˵1 Ⱥ  ұ...ϴ ǹ ǰ µ,  հ  Ҿ, ׷...15  ϱ⿡  Ҹ     Ƽ ƽ.",8,1,1
"þó ణ ʳִ ĳ  
 ƥ 𸣴ϱ",10,1,1
,10,1,1
  Ե ,10,1,1
ûȸ ÷Ǿ Դµ 2ð  ð  𸣰 ž ,10,1,1
" ûȸ ôµ 1    ̳^^
 ~~",10,1,1
15̶̻° ̹ 뺸  ȣָӴ 븮ڴٴ ɺƴϳ,3,0,0
" ȭ  ÿÿ
̵  ְ~",10,1,1
" ϼ̴   ̳..
δ㰨 ¿ ...
ô ˴ϴ",8,1,1
"1 հ ôµ, 2 밡 Դϴ ^^",8,1,1
ϵ,1,0,0
̼ þ Į° ׾,10,1,1
"þ  ߹  ?
 ȳ ̻ϴ.
ٵ..   ο  ?
 Į ٴϰ ׷?",10,1,1
" .. Ƽ...
͹̳ 3 µ... Ƴ...",4,0,0
"̼  ϱ
 ~ 
̿Ҽ   ĳ~",9,1,1
û ƴѰ ̴,6,1,1
" Ǽ ξ
״  Ұ  Ÿ
 ",6,1,1
Ͷ~^^,10,1,1
 ȭ ,10,1,1
ƴ  ȭ    ִ  ,10,1,1
ǿ .........þ ݵ 󰡴........,2,0,0
 ,10,1,1
 ٷȽϴ!^^,10,1,1
ռ ־,10,1,1
  ̹ǰ  ϰ  ڳ ⵵ϸ  ؿ  ȭ,10,1,1
15 ڹ̵+δٱ+ǹ ΰǰ..,2,0,0
Ⱥ    ް  ֳ?,1,0,0
 ε ǳ  Ҹ嵵  ȭ ,10,1,1
 ȭ̸  ԰ϴµ ̻밨Ի̶ 輺ٺ,6,1,1
԰ھ,9,1,1
´ٰ      ,10,1,1
 ٸ ϴµ  Ժ  ˵ ļ ϴٴϤѤ ̴,4,0,0
"5鸸 Ѿ ڴ
  ÿ
 Ǵϱ!
 ְ!",10,1,1
 ΰ   ø 2ź!   Ǵ ˵!,10,1,1
"˵2 ѳ ſ~
ռ ͼ !!!
 ϳ~~~!!
ٵ  1 Ʋٱ?
װ  ǳ...Ф",10,1,1
 ȳµ װͱ ˾ƾߵǴ?,10,1,1
 ʹ˴ϴ~~ϸ Ҳ~^^,10,1,1
"  ° ׷ ĵ  ٸ  ȴ..
ȲҲ Ű",2,0,0
 ..ù ǵ..  ..ڷν~~,10,1,1
1   ϴ 2 û ϰ ֤.̹ ۳ ų ȥֽʼ~^^,10,1,1
ϰ !!,10,1,1
  ˵ô ξ Ŀ..,1,0,0
   ƿ,10,1,1
????????????,10,1,1
" ٲ ٳ ùǰ?
1źŭ α ",6,1,1
̸̱Ҳ,10,1,1
þ پѴ ǿ  Ŀ а ,7,1,1
,2,0,0
,10,1,1
"1̶  ٸ?
Ф",7,1,1
Զ    ;  մµ,6,1,1
 ߴµ    ֳ,10,1,1
 ȴ,10,1,1
˵2  ȴ^^,10,1,1
մϴ    븸Դϴ~^^,10,1,1
˵ 2 ּ?,1,0,0
"˵ 2 ֳ׿ 

 ",10,1,1
 ̼ ׾,10,1,1
ι ¼ ռ ۳̳. þ  ߾︱ ְڴ.  ̰ ǽ Ͱ..,10,1,1
,9,1,1
1ŭ հ?,10,1,1
˵1 հ  2 ǳ׿.   ;.,8,1,1
  þ  ⿬ϸ ڽϴ! ^^,10,1,1
"ǳ׿
(˵1 ݺؼ ..)",10,1,1
,10,1,1
˵2ּ   Կ,10,1,1
˴ϴ.,10,1,1
հڴ ,0,-1,-1
,10,1,1
,9,1,1
"...̱.ֿ.....ϱ.輱ȣ..̽± 
̹ȣ.ټ..̽þ.
..þ 
.ǻ. 
¿ 
ÿ.ӽ.α. 
c.mc.¿ 
 
2ô ",6,1,1
,3,0,0
Űƿ,0,-1,-1
̽,10,1,1
 ?,9,1,1
ſ ,10,1,1
ȴ,6,1,1
"Թ˵2ٸֽϴ
ȭ˵2밡˴ϴ",10,1,1
մϴ,10,1,1
,0,-1,-1
" ض
ĵ ",9,1,1
"ȭ   ȭ մϴ

ȭ",10,1,1
"˵õ ׷
Ȳҵ ׷
   
 ǳ  ָѹ濡 
 .ɸ ¿.
ѱȭ Ѱ迡 ġʰ Ӱ
Ǳ ٷϴ.
",7,1,1
"¯ ҹü   ض  ġε鵵 ߱      ض
̷  ÿ ̳Ÿ´ٸ ̤",9,1,1
ع Ը,10,1,1
 ѹ氨 ݽʴϱ~ ѱ ݸ!,10,1,1
 ñ 븸,10,1,1
 10̳ ϸ 츮 ¯̳ݾ  ؿ,10,1,1
"ȭ ⵵   10..... ı???  
 ܾ~~",10,1,1
,10,1,1
,8,1,1
"  ˵ô Ӳ ̴.

 氬  god ̸ la з ⿬Ű ?

 ܢ  ~ 

 ȿ la  Ѹ йȣ .

÷  ׼  ϴ  ĸ°  Ŵ.

&quot; &#39;&#39; ƿ´&quot;..&#39;˵2&#39;  Ȯ, X  ȸ",10,1,1
 ,10,1,1
,0,-1,-1
ǳ´ٰ ؼ ۸   ߴµ  Դϴ  ڽϴ.,10,1,1
,7,1,1
þ ҷ  ǰμ ~^^,10,1,1
 þ......................Ư ⿬̶........,10,1,1
߼,9,1,1
þ,9,1,1
"Ⱥ ȸ
",10,1,1
